date,avg,35T,36T
1/1/2012,19,NaN,19
1/2/2012,15,NaN,15
1/3/2012,16,NaN,16
1/4/2012,15,NaN,15
1/5/2012,18,NaN,18
1/6/2012,17,NaN,17
1/7/2012,17,NaN,17
1/8/2012,21,NaN,21
1/9/2012,23,NaN,23
1/10/2012,19,NaN,19
1/11/2012,18,NaN,18
1/12/2012,20,NaN,20
1/13/2012,26,NaN,26
1/14/2012,24,NaN,24
1/15/2012,16,NaN,16
1/16/2012,17,NaN,17
1/17/2012,19,NaN,19
1/18/2012,20,NaN,20
1/19/2012,17,NaN,17
1/20/2012,20,NaN,20
1/21/2012,14,NaN,14
1/22/2012,13,NaN,13
1/23/2012,13,NaN,13
1/24/2012,14,NaN,14
1/25/2012,14,NaN,14
1/26/2012,14,NaN,14
1/27/2012,16,NaN,16
1/28/2012,16,NaN,16
1/29/2012,21,NaN,21
1/30/2012,21,NaN,21
1/31/2012,27,NaN,27
2/1/2012,28,NaN,28
2/2/2012,25,NaN,25
2/3/2012,27,NaN,27
2/4/2012,22,NaN,22
2/5/2012,21,NaN,21
2/6/2012,22,NaN,22
2/7/2012,25,NaN,25
2/8/2012,28,NaN,28
2/9/2012,34,NaN,34
2/10/2012,29,NaN,29
2/11/2012,29,NaN,29
2/12/2012,27,NaN,27
2/13/2012,23,NaN,23
2/14/2012,29,NaN,29
2/15/2012,45,NaN,45
2/16/2012,41,NaN,41
2/17/2012,88,NaN,88
2/18/2012,97,NaN,97
2/19/2012,52,NaN,52
2/20/2012,48,NaN,48
2/21/2012,51,NaN,51
2/22/2012,53,NaN,53
2/23/2012,75,NaN,75
2/24/2012,82,NaN,82
2/25/2012,122,NaN,122
2/26/2012,117,NaN,117
2/27/2012,81,NaN,81
2/28/2012,79,NaN,79
2/29/2012,83,NaN,83
3/1/2012,89,NaN,89
3/2/2012,100,NaN,100
3/3/2012,86,NaN,86
3/4/2012,74,NaN,74
3/5/2012,85,NaN,85
3/6/2012,105,NaN,105
3/7/2012,120,NaN,120
3/8/2012,120,NaN,120
3/9/2012,147,NaN,147
3/10/2012,110,NaN,110
3/11/2012,34,NaN,34
3/12/2012,34,NaN,34
3/13/2012,31,NaN,31
3/14/2012,29,NaN,29
3/15/2012,38,NaN,38
3/16/2012,40,NaN,40
3/17/2012,66,NaN,66
3/18/2012,120,NaN,120
3/19/2012,127,NaN,127
3/20/2012,104,NaN,104
3/21/2012,85,NaN,85
3/22/2012,74,NaN,74
3/23/2012,73,NaN,73
3/24/2012,67,NaN,67
3/25/2012,60,NaN,60
3/26/2012,50,NaN,50
3/27/2012,46,NaN,46
3/28/2012,51,NaN,51
3/29/2012,64,NaN,64
3/30/2012,72,NaN,72
3/31/2012,90,NaN,90
4/1/2012,58,NaN,58
4/2/2012,55,NaN,55
4/3/2012,58,NaN,58
4/4/2012,68,NaN,68
4/5/2012,31,NaN,31
4/6/2012,31,NaN,31
4/7/2012,16,NaN,16
4/8/2012,23,NaN,23
4/9/2012,24,NaN,24
4/10/2012,27,NaN,27
4/11/2012,29,NaN,29
4/12/2012,36,NaN,36
4/13/2012,46,NaN,46
4/14/2012,43,NaN,43
4/15/2012,44,NaN,44
4/16/2012,39,NaN,39
4/17/2012,36,NaN,36
4/18/2012,38,NaN,38
4/19/2012,38,NaN,38
4/20/2012,36,NaN,36
4/21/2012,48,NaN,48
4/22/2012,48,NaN,48
4/23/2012,40,NaN,40
4/24/2012,42,NaN,42
4/25/2012,49,NaN,49
4/26/2012,56,NaN,56
4/27/2012,42,NaN,42
4/28/2012,36,NaN,36
4/29/2012,22,NaN,22
4/30/2012,19,NaN,19
5/1/2012,18,NaN,18
5/2/2012,22,NaN,22
5/3/2012,28,NaN,28
5/4/2012,23,NaN,23
5/5/2012,14,NaN,14
5/6/2012,8,NaN,8
5/7/2012,10,NaN,10
5/8/2012,16,NaN,16
5/9/2012,23,NaN,23
5/10/2012,22,NaN,22
5/11/2012,31,NaN,31
5/12/2012,29,NaN,29
5/13/2012,28,NaN,28
5/14/2012,28,NaN,28
5/15/2012,28,NaN,28
5/16/2012,NaN,NaN,NaN
5/17/2012,25,NaN,25
5/18/2012,19,NaN,19
5/19/2012,21,NaN,21
5/20/2012,21,NaN,21
5/21/2012,16,NaN,16
5/22/2012,20,NaN,20
5/23/2012,25,NaN,25
5/24/2012,21,NaN,21
5/25/2012,30,NaN,30
5/26/2012,24,NaN,24
5/27/2012,18,NaN,18
5/28/2012,16,NaN,16
5/29/2012,12,NaN,12
5/30/2012,11,NaN,11
5/31/2012,15,NaN,15
6/1/2012,16,NaN,16
6/2/2012,21,NaN,21
6/3/2012,24,NaN,24
6/4/2012,20,NaN,20
6/5/2012,23,NaN,23
6/6/2012,25,NaN,25
6/7/2012,21,NaN,21
6/8/2012,16,NaN,16
6/9/2012,12,NaN,12
6/10/2012,11,NaN,11
6/11/2012,14,NaN,14
6/12/2012,15,NaN,15
6/13/2012,18,NaN,18
6/14/2012,20,NaN,20
6/15/2012,22,NaN,22
6/16/2012,24,NaN,24
6/17/2012,15,NaN,15
6/18/2012,11,NaN,11
6/19/2012,11,NaN,11
6/20/2012,13,NaN,13
6/21/2012,11,NaN,11
6/22/2012,14,NaN,14
6/23/2012,16,NaN,16
6/24/2012,14,NaN,14
6/25/2012,14,NaN,14
6/26/2012,12,NaN,12
6/27/2012,14,NaN,14
6/28/2012,10,NaN,10
6/29/2012,13,NaN,13
6/30/2012,13,NaN,13
7/1/2012,14,NaN,14
7/2/2012,15,NaN,15
7/3/2012,16,NaN,16
7/4/2012,17,NaN,17
7/5/2012,15,NaN,15
7/6/2012,16,NaN,16
7/7/2012,10,NaN,10
7/8/2012,12,NaN,12
7/9/2012,14,NaN,14
7/10/2012,17,NaN,17
7/11/2012,16,NaN,16
7/12/2012,12,NaN,12
7/13/2012,14,NaN,14
7/14/2012,8,NaN,8
7/15/2012,8,NaN,8
7/16/2012,11,NaN,11
7/17/2012,13,NaN,13
7/18/2012,13,NaN,13
7/19/2012,12,NaN,12
7/20/2012,12,NaN,12
7/21/2012,21,NaN,21
7/22/2012,13,NaN,13
7/23/2012,20,NaN,20
7/24/2012,10,NaN,10
7/25/2012,14,NaN,14
7/26/2012,17,NaN,17
7/27/2012,21,NaN,21
7/28/2012,15,NaN,15
7/29/2012,18,NaN,18
7/30/2012,15,NaN,15
7/31/2012,16,NaN,16
8/1/2012,17,NaN,17
8/2/2012,17,NaN,17
8/3/2012,13,NaN,13
8/4/2012,14,NaN,14
8/5/2012,16,NaN,16
8/6/2012,19,NaN,19
8/7/2012,16,NaN,16
8/8/2012,19,NaN,19
8/9/2012,14,NaN,14
8/10/2012,18,NaN,18
8/11/2012,16,NaN,16
8/12/2012,12,NaN,12
8/13/2012,16,NaN,16
8/14/2012,13,NaN,13
8/15/2012,22,NaN,22
8/16/2012,17,NaN,17
8/17/2012,15,NaN,15
8/18/2012,16,NaN,16
8/19/2012,17,NaN,17
8/20/2012,16,NaN,16
8/21/2012,12,NaN,12
8/22/2012,19,NaN,19
8/23/2012,12,NaN,12
8/24/2012,12,NaN,12
8/25/2012,15,NaN,15
8/26/2012,11,NaN,11
8/27/2012,10,NaN,10
8/28/2012,14,NaN,14
8/29/2012,11,NaN,11
8/30/2012,10,NaN,10
8/31/2012,12,NaN,12
9/1/2012,11,NaN,11
9/2/2012,10,NaN,10
9/3/2012,13,NaN,13
9/4/2012,9,NaN,9
9/5/2012,15,NaN,15
9/6/2012,21,NaN,21
9/7/2012,13,NaN,13
9/8/2012,12,NaN,12
9/9/2012,14,NaN,14
9/10/2012,15,NaN,15
9/11/2012,14,NaN,14
9/12/2012,12,NaN,12
9/13/2012,14,NaN,14
9/14/2012,9,NaN,9
9/15/2012,8,NaN,8
9/16/2012,15,NaN,15
9/17/2012,16,NaN,16
9/18/2012,21,NaN,21
9/19/2012,18,NaN,18
9/20/2012,21,NaN,21
9/21/2012,19,NaN,19
9/22/2012,16,NaN,16
9/23/2012,16,NaN,16
9/24/2012,19,NaN,19
9/25/2012,20,NaN,20
9/26/2012,14,NaN,14
9/27/2012,16,NaN,16
9/28/2012,12,NaN,12
9/29/2012,19,NaN,19
9/30/2012,27,NaN,27
10/1/2012,32,NaN,32
10/2/2012,21,NaN,21
10/3/2012,17,NaN,17
10/4/2012,12,NaN,12
10/5/2012,14,NaN,14
10/6/2012,10,NaN,10
10/7/2012,16,NaN,16
10/8/2012,30,NaN,30
10/9/2012,29,NaN,29
10/10/2012,23,NaN,23
10/11/2012,24,NaN,24
10/12/2012,33,NaN,33
10/13/2012,26,NaN,26
10/14/2012,21,NaN,21
10/15/2012,30,NaN,30
10/16/2012,34,NaN,34
10/17/2012,34,NaN,34
10/18/2012,23,NaN,23
10/19/2012,24,NaN,24
10/20/2012,23,NaN,23
10/21/2012,18,NaN,18
10/22/2012,16,NaN,16
10/23/2012,17,NaN,17
10/24/2012,24,NaN,24
10/25/2012,20,NaN,20
10/26/2012,22,NaN,22
10/27/2012,19,NaN,19
10/28/2012,19,NaN,19
10/29/2012,23,NaN,23
10/30/2012,24,NaN,24
10/31/2012,17,NaN,17
11/1/2012,19,NaN,19
11/2/2012,29,NaN,29
11/3/2012,29,NaN,29
11/4/2012,19,NaN,19
11/5/2012,NaN,NaN,NaN
11/6/2012,NaN,NaN,NaN
11/7/2012,NaN,NaN,NaN
11/8/2012,NaN,NaN,NaN
11/9/2012,22,NaN,22
11/10/2012,21,NaN,21
11/11/2012,22,NaN,22
11/12/2012,26,NaN,26
11/13/2012,26,NaN,26
11/14/2012,19,NaN,19
11/15/2012,21,NaN,21
11/16/2012,22,NaN,22
11/17/2012,21,NaN,21
11/18/2012,23,NaN,23
11/19/2012,23,NaN,23
11/20/2012,18,NaN,18
11/21/2012,14,NaN,14
11/22/2012,21,NaN,21
11/23/2012,22,NaN,22
11/24/2012,NaN,NaN,NaN
11/25/2012,20,NaN,20
11/26/2012,21,NaN,21
11/27/2012,15,NaN,15
11/28/2012,NaN,NaN,NaN
11/29/2012,NaN,NaN,NaN
11/30/2012,26,NaN,26
12/1/2012,21,NaN,21
12/2/2012,10,NaN,10
12/3/2012,12,NaN,12
12/4/2012,18,NaN,18
12/5/2012,16,NaN,16
12/6/2012,24,NaN,24
12/7/2012,NaN,NaN,NaN
12/8/2012,25,NaN,25
12/9/2012,32,NaN,32
12/10/2012,28,NaN,28
12/11/2012,27,NaN,27
12/12/2012,30,NaN,30
12/13/2012,42,NaN,42
12/14/2012,NaN,NaN,NaN
12/15/2012,NaN,NaN,NaN
12/16/2012,NaN,NaN,NaN
12/17/2012,31,NaN,31
12/18/2012,31,NaN,31
12/19/2012,39,NaN,39
12/20/2012,40,NaN,40
12/21/2012,34,NaN,34
12/22/2012,35,NaN,35
12/23/2012,45,NaN,45
12/24/2012,43,NaN,43
12/25/2012,40,NaN,40
12/26/2012,40,NaN,40
12/27/2012,47,NaN,47
12/28/2012,40,NaN,40
12/29/2012,29,NaN,29
12/30/2012,40,NaN,40
12/31/2012,33,NaN,33
1/1/2013,38,NaN,38
1/2/2013,47,NaN,47
1/3/2013,40,NaN,40
1/4/2013,44,NaN,44
1/5/2013,41,NaN,41
1/6/2013,49,NaN,49
1/7/2013,46,NaN,46
1/8/2013,46,NaN,46
1/9/2013,49,NaN,49
1/10/2013,53,NaN,53
1/11/2013,55,NaN,55
1/12/2013,43,NaN,43
1/13/2013,38,NaN,38
1/14/2013,50,NaN,50
1/15/2013,41,NaN,41
1/16/2013,52,NaN,52
1/17/2013,53,NaN,53
1/18/2013,55,NaN,55
1/19/2013,46,NaN,46
1/20/2013,46,NaN,46
1/21/2013,44,NaN,44
1/22/2013,51,NaN,51
1/23/2013,44,NaN,44
1/24/2013,32,NaN,32
1/25/2013,33,NaN,33
1/26/2013,38,NaN,38
1/27/2013,49,NaN,49
1/28/2013,45,NaN,45
1/29/2013,43,NaN,43
1/30/2013,33,NaN,33
1/31/2013,NaN,NaN,NaN
2/1/2013,21,NaN,21
2/2/2013,25,NaN,25
2/3/2013,23,NaN,23
2/4/2013,28,NaN,28
2/5/2013,30,NaN,30
2/6/2013,29,NaN,29
2/7/2013,34,NaN,34
2/8/2013,46,NaN,46
2/9/2013,57,NaN,57
2/10/2013,65,NaN,65
2/11/2013,49,NaN,49
2/12/2013,52,NaN,52
2/13/2013,65,NaN,65
2/14/2013,67,NaN,67
2/15/2013,69,NaN,69
2/16/2013,68,NaN,68
2/17/2013,81,NaN,81
2/18/2013,49,NaN,49
2/19/2013,34,NaN,34
2/20/2013,51,NaN,51
2/21/2013,51,NaN,51
2/22/2013,65,NaN,65
2/23/2013,42,NaN,42
2/24/2013,45,NaN,45
2/25/2013,57,NaN,57
2/26/2013,76,NaN,76
2/27/2013,76,NaN,76
2/28/2013,NaN,NaN,NaN
3/1/2013,NaN,NaN,NaN
3/2/2013,NaN,NaN,NaN
3/3/2013,NaN,NaN,NaN
3/4/2013,NaN,NaN,NaN
3/5/2013,NaN,NaN,NaN
3/6/2013,NaN,NaN,NaN
3/7/2013,32,NaN,32
3/8/2013,30,NaN,30
3/9/2013,17,NaN,17
3/10/2013,28,NaN,28
3/11/2013,49,NaN,49
3/12/2013,56,NaN,56
3/13/2013,73,NaN,73
3/14/2013,100,NaN,100
3/15/2013,108,NaN,108
3/16/2013,102,NaN,102
3/17/2013,94,NaN,94
3/18/2013,74,NaN,74
3/19/2013,62,NaN,62
3/20/2013,112,NaN,112
3/21/2013,188,NaN,188
3/22/2013,141,NaN,141
3/23/2013,NaN,NaN,NaN
3/24/2013,NaN,NaN,NaN
3/25/2013,NaN,NaN,NaN
3/26/2013,NaN,NaN,NaN
3/27/2013,NaN,NaN,NaN
3/28/2013,120,NaN,120
3/29/2013,101,NaN,101
3/30/2013,101,NaN,101
3/31/2013,88,NaN,88
4/1/2013,82,NaN,82
4/2/2013,89,NaN,89
4/3/2013,102,NaN,102
4/4/2013,112,NaN,112
4/5/2013,77,NaN,77
4/6/2013,90,NaN,90
4/7/2013,NaN,NaN,NaN
4/8/2013,NaN,NaN,NaN
4/9/2013,NaN,NaN,NaN
4/10/2013,93,NaN,93
4/11/2013,84,NaN,84
4/12/2013,72,NaN,72
4/13/2013,48,NaN,48
4/14/2013,50,NaN,50
4/15/2013,41,NaN,41
4/16/2013,28,NaN,28
4/17/2013,61,NaN,61
4/18/2013,56,NaN,56
4/19/2013,61,NaN,61
4/20/2013,70,NaN,70
4/21/2013,50,NaN,50
4/22/2013,32,NaN,32
4/23/2013,24,NaN,24
4/24/2013,30,NaN,30
4/25/2013,27,NaN,27
4/26/2013,35,NaN,35
4/27/2013,41,NaN,41
4/28/2013,42,NaN,42
4/29/2013,49,NaN,49
4/30/2013,53,NaN,53
5/1/2013,54,NaN,54
5/2/2013,41,NaN,41
5/3/2013,30,NaN,30
5/4/2013,25,NaN,25
5/5/2013,26,NaN,26
5/6/2013,25,NaN,25
5/7/2013,21,NaN,21
5/8/2013,27,NaN,27
5/9/2013,27,NaN,27
5/10/2013,29,NaN,29
5/11/2013,28,NaN,28
5/12/2013,29,NaN,29
5/13/2013,31,NaN,31
5/14/2013,24,NaN,24
5/15/2013,21,NaN,21
5/16/2013,20,NaN,20
5/17/2013,25,NaN,25
5/18/2013,19,NaN,19
5/19/2013,25,NaN,25
5/20/2013,18,NaN,18
5/21/2013,33,NaN,33
5/22/2013,34,NaN,34
5/23/2013,26,NaN,26
5/24/2013,20,NaN,20
5/25/2013,17,NaN,17
5/26/2013,23,NaN,23
5/27/2013,25,NaN,25
5/28/2013,23,NaN,23
5/29/2013,23,NaN,23
5/30/2013,19,NaN,19
5/31/2013,22,NaN,22
6/1/2013,16,NaN,16
6/2/2013,20,NaN,20
6/3/2013,25,NaN,25
6/4/2013,18,NaN,18
6/5/2013,15,NaN,15
6/6/2013,21,NaN,21
6/7/2013,19,NaN,19
6/8/2013,18,NaN,18
6/9/2013,18,NaN,18
6/10/2013,18,NaN,18
6/11/2013,NaN,NaN,NaN
6/12/2013,27,NaN,27
6/13/2013,23,NaN,23
6/14/2013,28,NaN,28
6/15/2013,26,NaN,26
6/16/2013,32,NaN,32
6/17/2013,26,NaN,26
6/18/2013,31,NaN,31
6/19/2013,24,NaN,24
6/20/2013,23,NaN,23
6/21/2013,16,NaN,16
6/22/2013,18,NaN,18
6/23/2013,20,NaN,20
6/24/2013,21,NaN,21
6/25/2013,17,NaN,17
6/26/2013,25,NaN,25
6/27/2013,15,NaN,15
6/28/2013,21,NaN,21
6/29/2013,21,NaN,21
6/30/2013,21,NaN,21
7/1/2013,25,NaN,25
7/2/2013,18,NaN,18
7/3/2013,23,NaN,23
7/4/2013,18,NaN,18
7/5/2013,17,NaN,17
7/6/2013,20,NaN,20
7/7/2013,20,NaN,20
7/8/2013,21,NaN,21
7/9/2013,20,NaN,20
7/10/2013,18,NaN,18
7/11/2013,24,NaN,24
7/12/2013,23,NaN,23
7/13/2013,19,NaN,19
7/14/2013,16,NaN,16
7/15/2013,15,NaN,15
7/16/2013,24,NaN,24
7/17/2013,21,NaN,21
7/18/2013,23,NaN,23
7/19/2013,23,NaN,23
7/20/2013,22,NaN,22
7/21/2013,16,NaN,16
7/22/2013,20,NaN,20
7/23/2013,17,NaN,17
7/24/2013,18,NaN,18
7/25/2013,19,NaN,19
7/26/2013,21,NaN,21
7/27/2013,26,NaN,26
7/28/2013,24,NaN,24
7/29/2013,23,NaN,23
7/30/2013,18,NaN,18
7/31/2013,19,NaN,19
8/1/2013,27,NaN,27
8/2/2013,30,NaN,30
8/3/2013,23,NaN,23
8/4/2013,20,NaN,20
8/5/2013,22,NaN,22
8/6/2013,29,NaN,29
8/7/2013,21,NaN,21
8/8/2013,30,NaN,30
8/9/2013,25,NaN,25
8/10/2013,12,NaN,12
8/11/2013,15,NaN,15
8/12/2013,18,NaN,18
8/13/2013,19,NaN,19
8/14/2013,22,NaN,22
8/15/2013,21,NaN,21
8/16/2013,15,NaN,15
8/17/2013,19,NaN,19
8/18/2013,19,NaN,19
8/19/2013,26,NaN,26
8/20/2013,23,NaN,23
8/21/2013,19,NaN,19
8/22/2013,15,NaN,15
8/23/2013,21,NaN,21
8/24/2013,22,NaN,22
8/25/2013,20,NaN,20
8/26/2013,12,NaN,12
8/27/2013,24,NaN,24
8/28/2013,21,NaN,21
8/29/2013,18,NaN,18
8/30/2013,17,NaN,17
8/31/2013,17,NaN,17
9/1/2013,20,NaN,20
9/2/2013,12,NaN,12
9/3/2013,14,NaN,14
9/4/2013,15,NaN,15
9/5/2013,15,NaN,15
9/6/2013,11,NaN,11
9/7/2013,NaN,NaN,NaN
9/8/2013,13,NaN,13
9/9/2013,19,NaN,19
9/10/2013,19,NaN,19
9/11/2013,17,NaN,17
9/12/2013,17,NaN,17
9/13/2013,15,NaN,15
9/14/2013,16,NaN,16
9/15/2013,14,NaN,14
9/16/2013,13,NaN,13
9/17/2013,13,NaN,13
9/18/2013,21,NaN,21
9/19/2013,17,NaN,17
9/20/2013,23,NaN,23
9/21/2013,27,NaN,27
9/22/2013,24,NaN,24
9/23/2013,21,NaN,21
9/24/2013,21,NaN,21
9/25/2013,17,NaN,17
9/26/2013,23,NaN,23
9/27/2013,13,NaN,13
9/28/2013,17,NaN,17
9/29/2013,18,NaN,18
9/30/2013,17,NaN,17
10/1/2013,26,NaN,26
10/2/2013,22,NaN,22
10/3/2013,21,NaN,21
10/4/2013,21,NaN,21
10/5/2013,16,NaN,16
10/6/2013,27,NaN,27
10/7/2013,35,NaN,35
10/8/2013,30,NaN,30
10/9/2013,36,NaN,36
10/10/2013,41,NaN,41
10/11/2013,38,NaN,38
10/12/2013,35,NaN,35
10/13/2013,36,NaN,36
10/14/2013,33,NaN,33
10/15/2013,31,NaN,31
10/16/2013,48,NaN,48
10/17/2013,28,NaN,28
10/18/2013,13,NaN,13
10/19/2013,16,NaN,16
10/20/2013,20,NaN,20
10/21/2013,22,NaN,22
10/22/2013,28,NaN,28
10/23/2013,24,NaN,24
10/24/2013,21,NaN,21
10/25/2013,15,NaN,15
10/26/2013,22,NaN,22
10/27/2013,26,NaN,26
10/28/2013,40,NaN,40
10/29/2013,43,NaN,43
10/30/2013,37,NaN,37
10/31/2013,22,NaN,22
11/1/2013,43,NaN,43
11/2/2013,19,NaN,19
11/3/2013,31,NaN,31
11/4/2013,23,NaN,23
11/5/2013,20,NaN,20
11/6/2013,24,NaN,24
11/7/2013,22,NaN,22
11/8/2013,25,NaN,25
11/9/2013,32,NaN,32
11/10/2013,23,NaN,23
11/11/2013,19,NaN,19
11/12/2013,31,NaN,31
11/13/2013,20,NaN,20
11/14/2013,24,NaN,24
11/15/2013,24,NaN,24
11/16/2013,15,NaN,15
11/17/2013,18,NaN,18
11/18/2013,21,NaN,21
11/19/2013,20,NaN,20
11/20/2013,16,NaN,16
11/21/2013,32,NaN,32
11/22/2013,14,NaN,14
11/23/2013,33,NaN,33
11/24/2013,24,NaN,24
11/25/2013,22,NaN,22
11/26/2013,27,NaN,27
11/27/2013,36,NaN,36
11/28/2013,19,NaN,19
11/29/2013,22,NaN,22
11/30/2013,22,NaN,22
12/1/2013,23,NaN,23
12/2/2013,21,NaN,21
12/3/2013,26,NaN,26
12/4/2013,25,NaN,25
12/5/2013,31,NaN,31
12/6/2013,31,NaN,31
12/7/2013,35,NaN,35
12/8/2013,36,NaN,36
12/9/2013,40,NaN,40
12/10/2013,40,NaN,40
12/11/2013,50,NaN,50
12/12/2013,49,NaN,49
12/13/2013,68,NaN,68
12/14/2013,43,NaN,43
12/15/2013,31,NaN,31
12/16/2013,20,NaN,20
12/17/2013,21,NaN,21
12/18/2013,30,NaN,30
12/19/2013,30,NaN,30
12/20/2013,36,NaN,36
12/21/2013,33,NaN,33
12/22/2013,42,NaN,42
12/23/2013,53,NaN,53
12/24/2013,45,NaN,45
12/25/2013,46,NaN,46
12/26/2013,40,NaN,40
12/27/2013,51,NaN,51
12/28/2013,52,NaN,52
12/29/2013,51,NaN,51
12/30/2013,67,NaN,67
12/31/2013,61,NaN,61
1/1/2014,52,NaN,52
1/2/2014,39,NaN,39
1/3/2014,45,NaN,45
1/4/2014,42,NaN,42
1/5/2014,47,NaN,47
1/6/2014,40,NaN,40
1/7/2014,28,NaN,28
1/8/2014,29,NaN,29
1/9/2014,34,NaN,34
1/10/2014,33,NaN,33
1/11/2014,40,NaN,40
1/12/2014,35,NaN,35
1/13/2014,33,NaN,33
1/14/2014,36,NaN,36
1/15/2014,35,NaN,35
1/16/2014,35,NaN,35
1/17/2014,38,NaN,38
1/18/2014,33,NaN,33
1/19/2014,31,NaN,31
1/20/2014,41,NaN,41
1/21/2014,50,NaN,50
1/22/2014,46,NaN,46
1/23/2014,53,NaN,53
1/24/2014,46,NaN,46
1/25/2014,45,NaN,45
1/26/2014,41,NaN,41
1/27/2014,61,NaN,61
1/28/2014,63,NaN,63
1/29/2014,43,NaN,43
1/30/2014,46,NaN,46
1/31/2014,43,NaN,43
2/1/2014,34,NaN,34
2/2/2014,28,NaN,28
2/3/2014,27,NaN,27
2/4/2014,32,NaN,32
2/5/2014,32,NaN,32
2/6/2014,34,NaN,34
2/7/2014,31,NaN,31
2/8/2014,29,NaN,29
2/9/2014,31,NaN,31
2/10/2014,38,NaN,38
2/11/2014,46,NaN,46
2/12/2014,46,NaN,46
2/13/2014,38,NaN,38
2/14/2014,41,NaN,41
2/15/2014,34,NaN,34
2/16/2014,34,NaN,34
2/17/2014,31,NaN,31
2/18/2014,23,NaN,23
2/19/2014,32,NaN,32
2/20/2014,32,NaN,32
2/21/2014,56,NaN,56
2/22/2014,38,NaN,38
2/23/2014,36,NaN,36
2/24/2014,41,NaN,41
2/25/2014,NaN,NaN,NaN
2/26/2014,NaN,NaN,NaN
2/27/2014,NaN,NaN,NaN
2/28/2014,NaN,NaN,NaN
3/1/2014,NaN,NaN,NaN
3/2/2014,NaN,NaN,NaN
3/3/2014,NaN,NaN,NaN
3/4/2014,NaN,NaN,NaN
3/5/2014,NaN,NaN,NaN
3/6/2014,NaN,NaN,NaN
3/7/2014,NaN,NaN,NaN
3/8/2014,61,NaN,61
3/9/2014,62,NaN,62
3/10/2014,78,NaN,78
3/11/2014,79,NaN,79
3/12/2014,77,NaN,77
3/13/2014,73,NaN,73
3/14/2014,96,NaN,96
3/15/2014,104,NaN,104
3/16/2014,93,NaN,93
3/17/2014,107,NaN,107
3/18/2014,137,NaN,137
3/19/2014,109,NaN,109
3/20/2014,106,NaN,106
3/21/2014,188,NaN,188
3/22/2014,159,NaN,159
3/23/2014,47,NaN,47
3/24/2014,66,NaN,66
3/25/2014,62,NaN,62
3/26/2014,74,NaN,74
3/27/2014,111,NaN,111
3/28/2014,116,NaN,116
3/29/2014,97,NaN,97
3/30/2014,84,NaN,84
3/31/2014,89,NaN,89
4/1/2014,115,NaN,115
4/2/2014,119,NaN,119
4/3/2014,127,NaN,127
4/4/2014,92,NaN,92
4/5/2014,42,NaN,42
4/6/2014,52,NaN,52
4/7/2014,69,NaN,69
4/8/2014,57,NaN,57
4/9/2014,39,NaN,39
4/10/2014,51,NaN,51
4/11/2014,NaN,NaN,NaN
4/12/2014,55,NaN,55
4/13/2014,56,NaN,56
4/14/2014,43,NaN,43
4/15/2014,31,NaN,31
4/16/2014,38,NaN,38
4/17/2014,35,NaN,35
4/18/2014,42,NaN,42
4/19/2014,42,NaN,42
4/20/2014,47,NaN,47
4/21/2014,50,NaN,50
4/22/2014,39,NaN,39
4/23/2014,42,NaN,42
4/24/2014,48,NaN,48
4/25/2014,46,NaN,46
4/26/2014,34,NaN,34
4/27/2014,33,NaN,33
4/28/2014,37,NaN,37
4/29/2014,36,NaN,36
4/30/2014,39,NaN,39
5/1/2014,38,NaN,38
5/2/2014,34,NaN,34
5/3/2014,31,NaN,31
5/4/2014,33,NaN,33
5/5/2014,39,NaN,39
5/6/2014,31,NaN,31
5/7/2014,27,NaN,27
5/8/2014,30,NaN,30
5/9/2014,24,NaN,24
5/10/2014,32,NaN,32
5/11/2014,27,NaN,27
5/12/2014,28,NaN,28
5/13/2014,20,NaN,20
5/14/2014,25,NaN,25
5/15/2014,27,NaN,27
5/16/2014,27,NaN,27
5/17/2014,25,NaN,25
5/18/2014,25,NaN,25
5/19/2014,15,NaN,15
5/20/2014,23,NaN,23
5/21/2014,22,NaN,22
5/22/2014,23,NaN,23
5/23/2014,21,NaN,21
5/24/2014,23,NaN,23
5/25/2014,31,NaN,31
5/26/2014,21,NaN,21
5/27/2014,33,NaN,33
5/28/2014,32,NaN,32
5/29/2014,20,NaN,20
5/30/2014,19,NaN,19
5/31/2014,22,NaN,22
6/1/2014,16,NaN,16
6/2/2014,19,NaN,19
6/3/2014,17,NaN,17
6/4/2014,27,NaN,27
6/5/2014,26,NaN,26
6/6/2014,10,NaN,10
6/7/2014,19,NaN,19
6/8/2014,23,NaN,23
6/9/2014,19,NaN,19
6/10/2014,17,NaN,17
6/11/2014,21,NaN,21
6/12/2014,26,NaN,26
6/13/2014,17,NaN,17
6/14/2014,18,NaN,18
6/15/2014,22,NaN,22
6/16/2014,23,NaN,23
6/17/2014,20,NaN,20
6/18/2014,20,NaN,20
6/19/2014,17,NaN,17
6/20/2014,21,NaN,21
6/21/2014,24,NaN,24
6/22/2014,17,NaN,17
6/23/2014,23,NaN,23
6/24/2014,24,NaN,24
6/25/2014,18,NaN,18
6/26/2014,18,NaN,18
6/27/2014,19,NaN,19
6/28/2014,31,NaN,31
6/29/2014,25,NaN,25
6/30/2014,19,NaN,19
7/1/2014,22,NaN,22
7/2/2014,26,NaN,26
7/3/2014,19,NaN,19
7/4/2014,25,NaN,25
7/5/2014,16,NaN,16
7/6/2014,26,NaN,26
7/7/2014,20,NaN,20
7/8/2014,27,NaN,27
7/9/2014,21,NaN,21
7/10/2014,18,NaN,18
7/11/2014,18,NaN,18
7/12/2014,17,NaN,17
7/13/2014,17,NaN,17
7/14/2014,18,NaN,18
7/15/2014,24,NaN,24
7/16/2014,10,NaN,10
7/17/2014,19,NaN,19
7/18/2014,15,NaN,15
7/19/2014,30,NaN,30
7/20/2014,24,NaN,24
7/21/2014,28,NaN,28
7/22/2014,24,NaN,24
7/23/2014,NaN,NaN,NaN
7/24/2014,29,NaN,29
7/25/2014,25,NaN,25
7/26/2014,23,NaN,23
7/27/2014,22,NaN,22
7/28/2014,25,NaN,25
7/29/2014,23,NaN,23
7/30/2014,21,NaN,21
7/31/2014,16,NaN,16
8/1/2014,22,NaN,22
8/2/2014,17,NaN,17
8/3/2014,23,NaN,23
8/4/2014,22,NaN,22
8/5/2014,22,NaN,22
8/6/2014,19,NaN,19
8/7/2014,16,NaN,16
8/8/2014,NaN,NaN,NaN
8/9/2014,23,NaN,23
8/10/2014,22,NaN,22
8/11/2014,23,NaN,23
8/12/2014,17,NaN,17
8/13/2014,21,NaN,21
8/14/2014,27,NaN,27
8/15/2014,27,NaN,27
8/16/2014,23,NaN,23
8/17/2014,17,NaN,17
8/18/2014,22,NaN,22
8/19/2014,NaN,NaN,NaN
8/20/2014,22,NaN,22
8/21/2014,19,NaN,19
8/22/2014,10,NaN,10
8/23/2014,13,NaN,13
8/24/2014,11,NaN,11
8/25/2014,14,NaN,14
8/26/2014,13,NaN,13
8/27/2014,10,NaN,10
8/28/2014,10,NaN,10
8/29/2014,NaN,NaN,NaN
8/30/2014,NaN,NaN,NaN
8/31/2014,NaN,NaN,NaN
9/1/2014,NaN,NaN,NaN
9/2/2014,9,NaN,9
9/3/2014,6,NaN,6
9/4/2014,8,NaN,8
9/5/2014,9,NaN,9
9/6/2014,10,NaN,10
9/7/2014,NaN,NaN,NaN
9/8/2014,11,NaN,11
9/9/2014,15,NaN,15
9/10/2014,15,NaN,15
9/11/2014,15,NaN,15
9/12/2014,15,NaN,15
9/13/2014,16,NaN,16
9/14/2014,14,NaN,14
9/15/2014,15,NaN,15
9/16/2014,8,NaN,8
9/17/2014,10,NaN,10
9/18/2014,10,NaN,10
9/19/2014,NaN,NaN,NaN
9/20/2014,14,NaN,14
9/21/2014,13,NaN,13
9/22/2014,12,NaN,12
9/23/2014,15,NaN,15
9/24/2014,16,NaN,16
9/25/2014,10,NaN,10
9/26/2014,9,NaN,9
9/27/2014,11,NaN,11
9/28/2014,13,NaN,13
9/29/2014,15,NaN,15
9/30/2014,12,NaN,12
10/1/2014,16,NaN,16
10/2/2014,17,NaN,17
10/3/2014,18,NaN,18
10/4/2014,16,NaN,16
10/5/2014,11,NaN,11
10/6/2014,11,NaN,11
10/7/2014,27,NaN,27
10/8/2014,42,NaN,42
10/9/2014,43,NaN,43
10/10/2014,34,NaN,34
10/11/2014,25,NaN,25
10/12/2014,24,NaN,24
10/13/2014,35,NaN,35
10/14/2014,53,NaN,53
10/15/2014,48,NaN,48
10/16/2014,51,NaN,51
10/17/2014,45,NaN,45
10/18/2014,34,NaN,34
10/19/2014,30,NaN,30
10/20/2014,27,NaN,27
10/21/2014,26,NaN,26
10/22/2014,14,NaN,14
10/23/2014,11,NaN,11
10/24/2014,10,NaN,10
10/25/2014,14,NaN,14
10/26/2014,15,NaN,15
10/27/2014,18,NaN,18
10/28/2014,NaN,NaN,NaN
10/29/2014,14,NaN,14
10/30/2014,14,NaN,14
10/31/2014,20,NaN,20
11/1/2014,23,NaN,23
11/2/2014,19,NaN,19
11/3/2014,18,NaN,18
11/4/2014,18,NaN,18
11/5/2014,19,NaN,19
11/6/2014,17,NaN,17
11/7/2014,16,NaN,16
11/8/2014,13,NaN,13
11/9/2014,15,NaN,15
11/10/2014,16,NaN,16
11/11/2014,18,NaN,18
11/12/2014,19,NaN,19
11/13/2014,20,NaN,20
11/14/2014,20,NaN,20
11/15/2014,20,NaN,20
11/16/2014,24,NaN,24
11/17/2014,27,NaN,27
11/18/2014,25,NaN,25
11/19/2014,26,NaN,26
11/20/2014,28,NaN,28
11/21/2014,27,NaN,27
11/22/2014,30,NaN,30
11/23/2014,26,NaN,26
11/24/2014,NaN,NaN,NaN
11/25/2014,29,NaN,29
11/26/2014,32,NaN,32
11/27/2014,32,NaN,32
11/28/2014,31,NaN,31
11/29/2014,23,NaN,23
11/30/2014,20,NaN,20
12/1/2014,21,NaN,21
12/2/2014,28,NaN,28
12/3/2014,33,NaN,33
12/4/2014,39,NaN,39
12/5/2014,32,NaN,32
12/6/2014,27,NaN,27
12/7/2014,23,NaN,23
12/8/2014,24,NaN,24
12/9/2014,32,NaN,32
12/10/2014,27,NaN,27
12/11/2014,34,NaN,34
12/12/2014,36,NaN,36
12/13/2014,38,NaN,38
12/14/2014,38,NaN,38
12/15/2014,40,NaN,40
12/16/2014,34,NaN,34
12/17/2014,28,NaN,28
12/18/2014,39,NaN,39
12/19/2014,39,NaN,39
12/20/2014,36,NaN,36
12/21/2014,30,NaN,30
12/22/2014,31,NaN,31
12/23/2014,49,NaN,49
12/24/2014,46,NaN,46
12/25/2014,51,NaN,51
12/26/2014,37,NaN,37
12/27/2014,36,NaN,36
12/28/2014,29,NaN,29
12/29/2014,27,NaN,27
12/30/2014,31,NaN,31
12/31/2014,34,NaN,34
1/1/2015,36,NaN,36
1/2/2015,29,NaN,29
1/3/2015,42,NaN,42
1/4/2015,53,NaN,53
1/5/2015,50,NaN,50
1/6/2015,33,NaN,33
1/7/2015,34,NaN,34
1/8/2015,51,NaN,51
1/9/2015,23,NaN,23
1/10/2015,11,NaN,11
1/11/2015,10,NaN,10
1/12/2015,10,NaN,10
1/13/2015,15,NaN,15
1/14/2015,27,NaN,27
1/15/2015,34,NaN,34
1/16/2015,33,NaN,33
1/17/2015,48,NaN,48
1/18/2015,58,NaN,58
1/19/2015,62,NaN,62
1/20/2015,60,NaN,60
1/21/2015,44,NaN,44
1/22/2015,32,NaN,32
1/23/2015,27,NaN,27
1/24/2015,34,NaN,34
1/25/2015,NaN,NaN,NaN
1/26/2015,41,NaN,41
1/27/2015,45,NaN,45
1/28/2015,42,NaN,42
1/29/2015,46,NaN,46
1/30/2015,50,NaN,50
1/31/2015,60,NaN,60
2/1/2015,73,NaN,73
2/2/2015,63,NaN,63
2/3/2015,54,NaN,54
2/4/2015,47,NaN,47
2/5/2015,45,NaN,45
2/6/2015,52,NaN,52
2/7/2015,54,NaN,54
2/8/2015,59,NaN,59
2/9/2015,70,NaN,70
2/10/2015,65,NaN,65
2/11/2015,62,NaN,62
2/12/2015,61,NaN,61
2/13/2015,52,NaN,52
2/14/2015,50,NaN,50
2/15/2015,74,NaN,74
2/16/2015,76,NaN,76
2/17/2015,56,NaN,56
2/18/2015,56,NaN,56
2/19/2015,52,NaN,52
2/20/2015,47,NaN,47
2/21/2015,52,NaN,52
2/22/2015,73,NaN,73
2/23/2015,67,NaN,67
2/24/2015,56,NaN,56
2/25/2015,64,NaN,64
2/26/2015,56,NaN,56
2/27/2015,77,NaN,77
2/28/2015,96,NaN,96
3/1/2015,156,NaN,156
3/2/2015,NaN,NaN,NaN
3/3/2015,NaN,NaN,NaN
3/4/2015,80,NaN,80
3/5/2015,56,NaN,56
3/6/2015,92,NaN,92
3/7/2015,98,NaN,98
3/8/2015,103,NaN,103
3/9/2015,202,NaN,202
3/10/2015,256,NaN,256
3/11/2015,174,NaN,174
3/12/2015,129,NaN,129
3/13/2015,108,NaN,108
3/14/2015,92,NaN,92
3/15/2015,173,NaN,173
3/16/2015,266,NaN,266
3/17/2015,257,NaN,257
3/18/2015,160,NaN,160
3/19/2015,135,NaN,135
3/20/2015,155,NaN,155
3/21/2015,159,NaN,159
3/22/2015,64,NaN,64
3/23/2015,46,NaN,46
3/24/2015,38,NaN,38
3/25/2015,30,NaN,30
3/26/2015,22,NaN,22
3/27/2015,18,NaN,18
3/28/2015,23,NaN,23
3/29/2015,26,NaN,26
3/30/2015,42,NaN,42
3/31/2015,41,NaN,41
4/1/2015,52,NaN,52
4/2/2015,91,NaN,91
4/3/2015,84,NaN,84
4/4/2015,84,NaN,84
4/5/2015,115,NaN,115
4/6/2015,90,NaN,90
4/7/2015,95,NaN,95
4/8/2015,69,NaN,69
4/9/2015,48,NaN,48
4/10/2015,41,NaN,41
4/11/2015,56,NaN,56
4/12/2015,33,NaN,33
4/13/2015,20,NaN,20
4/14/2015,30,NaN,30
4/15/2015,42,NaN,42
4/16/2015,55,NaN,55
4/17/2015,45,NaN,45
4/18/2015,58,NaN,58
4/19/2015,60,NaN,60
4/20/2015,52,NaN,52
4/21/2015,56,NaN,56
4/22/2015,54,NaN,54
4/23/2015,30,NaN,30
4/24/2015,26,NaN,26
4/25/2015,19,NaN,19
4/26/2015,11,NaN,11
4/27/2015,8,NaN,8
4/28/2015,10,NaN,10
4/29/2015,10,NaN,10
4/30/2015,11,NaN,11
5/1/2015,13,NaN,13
5/2/2015,20,NaN,20
5/3/2015,17,NaN,17
5/4/2015,16,NaN,16
5/5/2015,13,NaN,13
5/6/2015,16,NaN,16
5/7/2015,46,NaN,46
5/8/2015,56,NaN,56
5/9/2015,43,NaN,43
5/10/2015,50,NaN,50
5/11/2015,60,NaN,60
5/12/2015,38,NaN,38
5/13/2015,41,NaN,41
5/14/2015,34,NaN,34
5/15/2015,24,NaN,24
5/16/2015,19,NaN,19
5/17/2015,14,NaN,14
5/18/2015,10,NaN,10
5/19/2015,NaN,NaN,NaN
5/20/2015,9,NaN,9
5/21/2015,11,NaN,11
5/22/2015,9,NaN,9
5/23/2015,10,NaN,10
5/24/2015,14,NaN,14
5/25/2015,21,NaN,21
5/26/2015,19,NaN,19
5/27/2015,15,NaN,15
5/28/2015,22,NaN,22
5/29/2015,20,NaN,20
5/30/2015,15,NaN,15
5/31/2015,12,NaN,12
6/1/2015,NaN,NaN,NaN
6/2/2015,14,NaN,14
6/3/2015,14,NaN,14
6/4/2015,NaN,NaN,NaN
6/5/2015,NaN,NaN,NaN
6/6/2015,12,NaN,12
6/7/2015,11,NaN,11
6/8/2015,15,NaN,15
6/9/2015,9,NaN,9
6/10/2015,NaN,NaN,NaN
6/11/2015,8,NaN,8
6/12/2015,11,NaN,11
6/13/2015,10,NaN,10
6/14/2015,11,NaN,11
6/15/2015,10,NaN,10
6/16/2015,10,NaN,10
6/17/2015,14,NaN,14
6/18/2015,14,NaN,14
6/19/2015,8,NaN,8
6/20/2015,11,NaN,11
6/21/2015,11,NaN,11
6/22/2015,12,NaN,12
6/23/2015,16,NaN,16
6/24/2015,15,NaN,15
6/25/2015,13,NaN,13
6/26/2015,11,NaN,11
6/27/2015,13,NaN,13
6/28/2015,10,NaN,10
6/29/2015,12,NaN,12
6/30/2015,15,NaN,15
7/1/2015,17,NaN,17
7/2/2015,16,NaN,16
7/3/2015,16,NaN,16
7/4/2015,16,NaN,16
7/5/2015,11,NaN,11
7/6/2015,12,NaN,12
7/7/2015,16,NaN,16
7/8/2015,15,NaN,15
7/9/2015,14,NaN,14
7/10/2015,22,NaN,22
7/11/2015,14,NaN,14
7/12/2015,14,NaN,14
7/13/2015,16,NaN,16
7/14/2015,13,NaN,13
7/15/2015,13,NaN,13
7/16/2015,13,NaN,13
7/17/2015,9,NaN,9
7/18/2015,11,NaN,11
7/19/2015,9,NaN,9
7/20/2015,16,NaN,16
7/21/2015,12,NaN,12
7/22/2015,11,NaN,11
7/23/2015,11,NaN,11
7/24/2015,10,NaN,10
7/25/2015,12,NaN,12
7/26/2015,10,NaN,10
7/27/2015,10,NaN,10
7/28/2015,10,NaN,10
7/29/2015,13,NaN,13
7/30/2015,10,NaN,10
7/31/2015,11,NaN,11
8/1/2015,11,NaN,11
8/2/2015,15,NaN,15
8/3/2015,15,NaN,15
8/4/2015,15,NaN,15
8/5/2015,10,NaN,10
8/6/2015,16,NaN,16
8/7/2015,16,NaN,16
8/8/2015,14,NaN,14
8/9/2015,10,NaN,10
8/10/2015,13,NaN,13
8/11/2015,13,NaN,13
8/12/2015,9,NaN,9
8/13/2015,9,NaN,9
8/14/2015,8,NaN,8
8/15/2015,12,NaN,12
8/16/2015,10,NaN,10
8/17/2015,11,NaN,11
8/18/2015,14,NaN,14
8/19/2015,12,NaN,12
8/20/2015,15,NaN,15
8/21/2015,9,NaN,9
8/22/2015,6,NaN,6
8/23/2015,9,NaN,9
8/24/2015,9,NaN,9
8/25/2015,13,NaN,13
8/26/2015,14,NaN,14
8/27/2015,11,NaN,11
8/28/2015,12,NaN,12
8/29/2015,NaN,NaN,NaN
8/30/2015,NaN,NaN,NaN
8/31/2015,12,NaN,12
9/1/2015,17,NaN,17
9/2/2015,19,NaN,19
9/3/2015,10,NaN,10
9/4/2015,12,NaN,12
9/5/2015,13,NaN,13
9/6/2015,9,NaN,9
9/7/2015,14,NaN,14
9/8/2015,11,NaN,11
9/9/2015,11,NaN,11
9/10/2015,15,NaN,15
9/11/2015,11,NaN,11
9/12/2015,9,NaN,9
9/13/2015,12,NaN,12
9/14/2015,14,NaN,14
9/15/2015,12,NaN,12
9/16/2015,20,NaN,20
9/17/2015,21,NaN,21
9/18/2015,9,NaN,9
9/19/2015,6,NaN,6
9/20/2015,13,NaN,13
9/21/2015,22,NaN,22
9/22/2015,19,NaN,19
9/23/2015,17,NaN,17
9/24/2015,12,NaN,12
9/25/2015,11,NaN,11
9/26/2015,14,NaN,14
9/27/2015,16,NaN,16
9/28/2015,14,NaN,14
9/29/2015,22,NaN,22
9/30/2015,23,NaN,23
10/1/2015,11,NaN,11
10/2/2015,11,NaN,11
10/3/2015,12,NaN,12
10/4/2015,17,NaN,17
10/5/2015,16,NaN,16
10/6/2015,12,NaN,12
10/7/2015,8,NaN,8
10/8/2015,9,NaN,9
10/9/2015,9,NaN,9
10/10/2015,9,NaN,9
10/11/2015,7,NaN,7
10/12/2015,8,NaN,8
10/13/2015,11,NaN,11
10/14/2015,12,NaN,12
10/15/2015,13,NaN,13
10/16/2015,17,NaN,17
10/17/2015,21,NaN,21
10/18/2015,18,NaN,18
10/19/2015,16,NaN,16
10/20/2015,12,NaN,12
10/21/2015,14,NaN,14
10/22/2015,18,NaN,18
10/23/2015,21,NaN,21
10/24/2015,24,NaN,24
10/25/2015,34,NaN,34
10/26/2015,36,NaN,36
10/27/2015,34,NaN,34
10/28/2015,31,NaN,31
10/29/2015,22,NaN,22
10/30/2015,20,NaN,20
10/31/2015,19,NaN,19
11/1/2015,19,NaN,19
11/2/2015,16,NaN,16
11/3/2015,9,NaN,9
11/4/2015,9,NaN,9
11/5/2015,16,NaN,16
11/6/2015,17,NaN,17
11/7/2015,17,NaN,17
11/8/2015,16,NaN,16
11/9/2015,20,NaN,20
11/10/2015,14,NaN,14
11/11/2015,14,NaN,14
11/12/2015,12,NaN,12
11/13/2015,11,NaN,11
11/14/2015,15,NaN,15
11/15/2015,16,NaN,16
11/16/2015,16,NaN,16
11/17/2015,14,NaN,14
11/18/2015,20,NaN,20
11/19/2015,21,NaN,21
11/20/2015,16,NaN,16
11/21/2015,15,NaN,15
11/22/2015,12,NaN,12
11/23/2015,18,NaN,18
11/24/2015,19,NaN,19
11/25/2015,25,NaN,25
11/26/2015,27,NaN,27
11/27/2015,27,NaN,27
11/28/2015,26,NaN,26
11/29/2015,24,NaN,24
11/30/2015,26,NaN,26
12/1/2015,25,NaN,25
12/2/2015,23,NaN,23
12/3/2015,20,NaN,20
12/4/2015,16,NaN,16
12/5/2015,11,NaN,11
12/6/2015,15,NaN,15
12/7/2015,NaN,NaN,NaN
12/8/2015,NaN,NaN,NaN
12/9/2015,19,NaN,19
12/10/2015,17,NaN,17
12/11/2015,28,NaN,28
12/12/2015,35,NaN,35
12/13/2015,32,NaN,32
12/14/2015,33,NaN,33
12/15/2015,34,NaN,34
12/16/2015,38,NaN,38
12/17/2015,33,NaN,33
12/18/2015,27,NaN,27
12/19/2015,32,NaN,32
12/20/2015,32,NaN,32
12/21/2015,41,NaN,41
12/22/2015,37,NaN,37
12/23/2015,23,NaN,23
12/24/2015,25,NaN,25
12/25/2015,26,NaN,26
12/26/2015,23,NaN,23
12/27/2015,20,NaN,20
12/28/2015,30,NaN,30
12/29/2015,29,NaN,29
12/30/2015,32,NaN,32
12/31/2015,25,NaN,25
1/1/2016,25,NaN,25
1/2/2016,25,NaN,25
1/3/2016,27,NaN,27
1/4/2016,26,NaN,26
1/5/2016,27,NaN,27
1/6/2016,38,NaN,38
1/7/2016,45,NaN,45
1/8/2016,45,NaN,45
1/9/2016,37,NaN,37
1/10/2016,30,NaN,30
1/11/2016,40,NaN,40
1/12/2016,44,NaN,44
1/13/2016,48,NaN,48
1/14/2016,44,NaN,44
1/15/2016,30,NaN,30
1/16/2016,27,NaN,27
1/17/2016,35,NaN,35
1/18/2016,42,NaN,42
1/19/2016,56,NaN,56
1/20/2016,58,NaN,58
1/21/2016,67,NaN,67
1/22/2016,NaN,NaN,NaN
1/23/2016,19,NaN,19
1/24/2016,NaN,NaN,NaN
1/25/2016,6,NaN,6
1/26/2016,6,NaN,6
1/27/2016,13,NaN,13
1/28/2016,27,NaN,27
1/29/2016,33,NaN,33
1/30/2016,32,NaN,32
1/31/2016,31,NaN,31
2/1/2016,25,NaN,25
2/2/2016,31,NaN,31
2/3/2016,34,NaN,34
2/4/2016,42,NaN,42
2/5/2016,45,NaN,45
2/6/2016,47,NaN,47
2/7/2016,32,NaN,32
2/8/2016,60,NaN,60
2/9/2016,66,NaN,66
2/10/2016,86,NaN,86
2/11/2016,93,NaN,93
2/12/2016,85,NaN,85
2/13/2016,85,NaN,85
2/14/2016,66,NaN,66
2/15/2016,80,NaN,80
2/16/2016,69,NaN,69
2/17/2016,72,NaN,72
2/18/2016,69,NaN,69
2/19/2016,59,NaN,59
2/20/2016,56,NaN,56
2/21/2016,70,NaN,70
2/22/2016,61,NaN,61
2/23/2016,62,NaN,62
2/24/2016,59,NaN,59
2/25/2016,40,NaN,40
2/26/2016,26,NaN,26
2/27/2016,16,NaN,16
2/28/2016,17,NaN,17
2/29/2016,20,NaN,20
3/1/2016,31,NaN,31
3/2/2016,52,NaN,52
3/3/2016,76,NaN,76
3/4/2016,57,NaN,57
3/5/2016,55,NaN,55
3/6/2016,74,NaN,74
3/7/2016,87,NaN,87
3/8/2016,57,NaN,57
3/9/2016,63,NaN,63
3/10/2016,74,NaN,74
3/11/2016,85,NaN,85
3/12/2016,80,NaN,80
3/13/2016,70,NaN,70
3/14/2016,80,NaN,80
3/15/2016,85,NaN,85
3/16/2016,55,NaN,55
3/17/2016,59,NaN,59
3/18/2016,63,NaN,63
3/19/2016,59,NaN,59
3/20/2016,86,NaN,86
3/21/2016,94,NaN,94
3/22/2016,58,NaN,58
3/23/2016,86,NaN,86
3/24/2016,95,NaN,95
3/25/2016,138,NaN,138
3/26/2016,98,NaN,98
3/27/2016,81,NaN,81
3/28/2016,63,NaN,63
3/29/2016,58,NaN,58
3/30/2016,75,NaN,75
3/31/2016,97,NaN,97
4/1/2016,62,NaN,62
4/2/2016,63,NaN,63
4/3/2016,85,NaN,85
4/4/2016,81,NaN,81
4/5/2016,70,NaN,70
4/6/2016,78,NaN,78
4/7/2016,99,NaN,99
4/8/2016,91,NaN,91
4/9/2016,67,NaN,67
4/10/2016,70,NaN,70
4/11/2016,73,NaN,73
4/12/2016,79,NaN,79
4/13/2016,70,NaN,70
4/14/2016,69,NaN,69
4/15/2016,69,NaN,69
4/16/2016,100,NaN,100
4/17/2016,114,NaN,114
4/18/2016,144,NaN,144
4/19/2016,104,NaN,104
4/20/2016,94,NaN,94
4/21/2016,103,NaN,103
4/22/2016,75,NaN,75
4/23/2016,53,NaN,53
4/24/2016,59,NaN,59
4/25/2016,67,NaN,67
4/26/2016,81,NaN,81
4/27/2016,111,NaN,111
4/28/2016,109,NaN,109
4/29/2016,53,NaN,53
4/30/2016,45,NaN,45
5/1/2016,30,NaN,30
5/2/2016,29,NaN,29
5/3/2016,42,NaN,42
5/4/2016,50,NaN,50
5/5/2016,49,NaN,49
5/6/2016,52,NaN,52
5/7/2016,53,NaN,53
5/8/2016,66,NaN,66
5/9/2016,60,NaN,60
5/10/2016,58,NaN,58
5/11/2016,65,NaN,65
5/12/2016,61,NaN,61
5/13/2016,49,NaN,49
5/14/2016,40,NaN,40
5/15/2016,34,NaN,34
5/16/2016,30,NaN,30
5/17/2016,22,NaN,22
5/18/2016,18,NaN,18
5/19/2016,19,NaN,19
5/20/2016,NaN,NaN,NaN
5/21/2016,9,NaN,9
5/22/2016,12,NaN,12
5/23/2016,17,NaN,17
5/24/2016,19,NaN,19
5/25/2016,NaN,NaN,NaN
5/26/2016,20,NaN,20
5/27/2016,22,NaN,22
5/28/2016,21,NaN,21
5/29/2016,14,NaN,14
5/30/2016,17,NaN,17
5/31/2016,13,NaN,13
6/1/2016,9,NaN,9
6/2/2016,8,NaN,8
6/3/2016,NaN,NaN,NaN
6/4/2016,9,NaN,9
6/5/2016,11,NaN,11
6/6/2016,8,NaN,8
6/7/2016,10,NaN,10
6/8/2016,9,NaN,9
6/9/2016,13,NaN,13
6/10/2016,11,NaN,11
6/11/2016,9,NaN,9
6/12/2016,13,NaN,13
6/13/2016,10,NaN,10
6/14/2016,9,NaN,9
6/15/2016,10,NaN,10
6/16/2016,9,NaN,9
6/17/2016,9,NaN,9
6/18/2016,10,NaN,10
6/19/2016,8,NaN,8
6/20/2016,11,NaN,11
6/21/2016,15,NaN,15
6/22/2016,7,NaN,7
6/23/2016,15,NaN,15
6/24/2016,14,NaN,14
6/25/2016,9,NaN,9
6/26/2016,7,NaN,7
6/27/2016,9,NaN,9
6/28/2016,12,NaN,12
6/29/2016,10,NaN,10
6/30/2016,9,NaN,9
7/1/2016,13,NaN,13
7/2/2016,13,NaN,13
7/3/2016,10,NaN,10
7/4/2016,13,NaN,13
7/5/2016,14,NaN,14
7/6/2016,20,NaN,20
7/7/2016,12,NaN,12
7/8/2016,8,NaN,8
7/9/2016,10,NaN,10
7/10/2016,9,NaN,9
7/11/2016,15,20,10
7/12/2016,19,24,14
7/13/2016,23,26,20
7/14/2016,18.5,23,14
7/15/2016,20,24,16
7/16/2016,24,29,19
7/17/2016,21.5,25,18
7/18/2016,20,22,18
7/19/2016,14.5,18,11
7/20/2016,15.5,20,11
7/21/2016,13.5,18,9
7/22/2016,14.5,20,9
7/23/2016,13,17,9
7/24/2016,16.5,19,14
7/25/2016,16,21,11
7/26/2016,17,21,13
7/27/2016,19,24,14
7/28/2016,15,20,10
7/29/2016,16.5,20,13
7/30/2016,13,17,9
7/31/2016,11.5,16,7
8/1/2016,12.5,17,8
8/2/2016,13.5,19,8
8/3/2016,13,17,9
8/4/2016,15.5,19,12
8/5/2016,15.5,19,12
8/6/2016,14.5,18,11
8/7/2016,14.5,18,11
8/8/2016,15.5,20,11
8/9/2016,15.5,19,12
8/10/2016,22.5,25,20
8/11/2016,21,25,17
8/12/2016,19.5,25,14
8/13/2016,17,21,13
8/14/2016,19.5,23,16
8/15/2016,21.5,25,18
8/16/2016,18,23,13
8/17/2016,22.5,26,19
8/18/2016,23.5,27,20
8/19/2016,29,35,23
8/20/2016,23.5,26,21
8/21/2016,25,30,20
8/22/2016,19.5,25,14
8/23/2016,13,NaN,13
8/24/2016,21,26,16
8/25/2016,10,NaN,10
8/26/2016,11,11,11
8/27/2016,14,15,13
8/28/2016,12.5,13,12
8/29/2016,12.5,14,11
8/30/2016,13,18,8
8/31/2016,11.5,15,8
9/1/2016,12.5,18,7
9/2/2016,14,19,9
9/3/2016,12,16,8
9/4/2016,15.5,19,12
9/5/2016,21,21,21
9/6/2016,20,23,17
9/7/2016,13,19,7
9/8/2016,15.5,19,12
9/9/2016,15,18,12
9/10/2016,16.5,22,11
9/11/2016,13,18,8
9/12/2016,12,17,7
9/13/2016,14.5,17,12
9/14/2016,14.5,18,11
9/15/2016,15,19,11
9/16/2016,11.5,16,7
9/17/2016,16.5,19,14
9/18/2016,12.5,17,8
9/19/2016,15.5,18,13
9/20/2016,17,21,13
9/21/2016,22,27,17
9/22/2016,34.5,42,27
9/23/2016,31.5,36,27
9/24/2016,26.5,31,22
9/25/2016,17,21,13
9/26/2016,14.5,18,11
9/27/2016,14.5,18,11
9/28/2016,16.5,19,14
9/29/2016,16,20,12
9/30/2016,16.5,22,11
10/1/2016,18,22,14
10/2/2016,17.5,18,17
10/3/2016,15,18,12
10/4/2016,17,18,16
10/5/2016,15.5,20,11
10/6/2016,14.5,18,11
10/7/2016,16,21,11
10/8/2016,23,23,NaN
10/9/2016,21.5,24,19
10/10/2016,21,21,NaN
10/11/2016,18.5,23,14
10/12/2016,12.5,16,9
10/13/2016,19.5,24,15
10/14/2016,27.5,32,23
10/15/2016,18,23,13
10/16/2016,14,17,11
10/17/2016,15,19,11
10/18/2016,23.5,28,19
10/19/2016,26,31,21
10/20/2016,26,28,24
10/21/2016,21,21,21
10/22/2016,18,19,17
10/23/2016,17.5,17,18
10/24/2016,19,20,18
10/25/2016,16.5,17,16
10/26/2016,15,16,14
10/27/2016,15.5,14,17
10/28/2016,13.5,16,11
10/29/2016,14.5,16,13
10/30/2016,15.5,16,15
10/31/2016,15.5,19,12
11/1/2016,13.5,16,11
11/2/2016,13,15,11
11/3/2016,14,18,10
11/4/2016,19,23,15
11/5/2016,19.5,24,15
11/6/2016,22.5,25,20
11/7/2016,25,27,23
11/8/2016,18,21,15
11/9/2016,11.5,14,9
11/10/2016,13.5,16,11
11/11/2016,12,14,10
11/12/2016,15,15,NaN
11/13/2016,17,17,17
11/14/2016,18.5,19,18
11/15/2016,17,18,16
11/16/2016,20.5,21,20
11/17/2016,24.5,25,24
11/18/2016,24,26,22
11/19/2016,23,24,22
11/20/2016,19,23,15
11/21/2016,18,24,12
11/22/2016,21.5,27,16
11/23/2016,25,31,19
11/24/2016,26.5,31,22
11/25/2016,24,27,21
11/26/2016,24,25,23
11/27/2016,20.5,24,17
11/28/2016,23.5,28,19
11/29/2016,27.5,32,23
11/30/2016,30,35,25
12/1/2016,31.5,36,27
12/2/2016,29.5,34,25
12/3/2016,29.5,35,24
12/4/2016,25.5,29,22
12/5/2016,27,29,25
12/6/2016,23.5,30,17
12/7/2016,40,40,NaN
12/8/2016,33.5,41,26
12/9/2016,36,38,34
12/10/2016,32,40,24
12/11/2016,36.5,41,32
12/12/2016,38.5,48,29
12/13/2016,33,38,28
12/14/2016,25,32,18
12/15/2016,25,30,20
12/16/2016,23,30,16
12/17/2016,14.5,18,11
12/18/2016,19,22,16
12/19/2016,26,30,22
12/20/2016,29,33,25
12/21/2016,28,33,23
12/22/2016,24,NaN,24
12/23/2016,25,NaN,25
12/24/2016,32,37,27
12/25/2016,31.5,38,25
12/26/2016,30.5,38,23
12/27/2016,32,38,26
12/28/2016,34,39,29
12/29/2016,30,35,25
12/30/2016,24,32,16
12/31/2016,24.5,32,17
1/1/2017,30,30,NaN
1/2/2017,NaN,NaN,NaN
1/3/2017,13,NaN,13
1/4/2017,19,19,NaN
1/5/2017,NaN,NaN,NaN
1/6/2017,13,NaN,13
1/7/2017,18.5,22,15
1/8/2017,25.5,28,23
1/9/2017,28,28,NaN
1/10/2017,20,NaN,20
1/11/2017,12,NaN,12
1/12/2017,15,18,12
1/13/2017,17.5,21,14
1/14/2017,20,26,14
1/15/2017,22.5,27,18
1/16/2017,25.5,32,19
1/17/2017,30.5,35,26
1/18/2017,31,37,25
1/19/2017,34.5,36,33
1/20/2017,29.5,32,27
1/21/2017,31.5,34,29
1/22/2017,24,27,21
1/23/2017,26.5,29,24
1/24/2017,27.5,34,21
1/25/2017,25.5,32,19
1/26/2017,22.5,30,15
1/27/2017,26.5,33,20
1/28/2017,28,32,24
1/29/2017,33.5,39,28
1/30/2017,34,40,28
1/31/2017,46,52,40
2/1/2017,45,51,39
2/2/2017,38.5,44,33
2/3/2017,32.5,39,26
2/4/2017,31.5,36,27
2/5/2017,31,37,25
2/6/2017,40.5,45,36
2/7/2017,45.5,51,40
2/8/2017,42,45,39
2/9/2017,43.5,46,41
2/10/2017,45,50,40
2/11/2017,53,59,47
2/12/2017,57,63,51
2/13/2017,54.5,60,49
2/14/2017,58.5,63,54
2/15/2017,55,62,48
2/16/2017,49,55,43
2/17/2017,45.5,52,39
2/18/2017,45,51,39
2/19/2017,53,62,44
2/20/2017,55.5,61,50
2/21/2017,43.5,50,37
2/22/2017,42.5,46,39
2/23/2017,31.5,37,26
2/24/2017,38.5,43,34
2/25/2017,40,42,38
2/26/2017,49.5,52,47
2/27/2017,45,49,41
2/28/2017,43.5,48,39
3/1/2017,45.5,53,38
3/2/2017,54,60,48
3/3/2017,72.5,78,67
3/4/2017,54.5,61,48
3/5/2017,59,63,55
3/6/2017,60.5,67,54
3/7/2017,60.5,67,54
3/8/2017,66.5,72,61
3/9/2017,44.5,47,42
3/10/2017,43,50,36
3/11/2017,39.5,45,34
3/12/2017,36.5,40,33
3/13/2017,40,44,36
3/14/2017,52,59,45
3/15/2017,52,59,45
3/16/2017,48,58,38
3/17/2017,54.5,62,47
3/18/2017,56,56,NaN
3/19/2017,48.5,57,40
3/20/2017,94.5,105,84
3/21/2017,75,77,73
3/22/2017,67.5,71,64
3/23/2017,106,114,98
3/24/2017,103,110,96
3/25/2017,62,67,57
3/26/2017,57.5,64,51
3/27/2017,38.5,45,32
3/28/2017,39,49,29
3/29/2017,47.5,54,41
3/30/2017,43,52,34
3/31/2017,52.5,56,49
4/1/2017,53.5,58,49
4/2/2017,17,NaN,17
4/3/2017,34,41,27
4/4/2017,45,52,38
4/5/2017,53,61,45
4/6/2017,66,71,61
4/7/2017,73.5,78,69
4/8/2017,82,90,74
4/9/2017,79,86,72
4/10/2017,60,68,52
4/11/2017,59,68,50
4/12/2017,73.5,81,66
4/13/2017,56.5,65,48
4/14/2017,22.5,30,15
4/15/2017,20.5,28,13
4/16/2017,19,24,14
4/17/2017,18.5,22,15
4/18/2017,18,25,11
4/19/2017,27.5,33,22
4/20/2017,31,38,24
4/21/2017,45.5,52,39
4/22/2017,64,73,55
4/23/2017,68.5,79,58
4/24/2017,66.5,73,60
4/25/2017,64,71,57
4/26/2017,62,67,57
4/27/2017,71,78,64
4/28/2017,62.5,72,53
4/29/2017,19.5,26,13
4/30/2017,23,29,17
5/1/2017,38.5,45,32
5/2/2017,37,41,33
5/3/2017,37,43,31
5/4/2017,41.5,50,33
5/5/2017,28,31,25
5/6/2017,17,16,18
5/7/2017,22,NaN,22
5/8/2017,23,22,24
5/9/2017,31,NaN,31
5/10/2017,26,20,32
5/11/2017,19,19,NaN
5/12/2017,18.5,15,22
5/13/2017,14.5,11,18
5/14/2017,6,5,7
5/15/2017,8.5,7,10
5/16/2017,9.5,7,12
5/17/2017,5,5,NaN
5/18/2017,7,6,8
5/19/2017,12.5,12,13
5/20/2017,23,22,24
5/21/2017,28,26,30
5/22/2017,34,30,38
5/23/2017,26.5,26,27
5/24/2017,21.5,21,22
5/25/2017,27,26,28
5/26/2017,14,13,15
5/27/2017,14.5,14,15
5/28/2017,17.5,18,17
5/29/2017,19,20,18
5/30/2017,18.5,16,21
5/31/2017,16.5,17,16
6/1/2017,20.5,20,21
6/2/2017,19,20,18
6/3/2017,16,16,16
6/4/2017,11,NaN,11
6/5/2017,18.5,19,18
6/6/2017,22,22,22
6/7/2017,18,NaN,18
6/8/2017,11,NaN,11
6/9/2017,11,NaN,11
6/10/2017,11,NaN,11
6/11/2017,14,NaN,14
6/12/2017,16,17,15
6/13/2017,15,NaN,15
6/14/2017,11.5,13,10
6/15/2017,12.5,14,11
6/16/2017,22,23,21
6/17/2017,16,14,18
6/18/2017,9,NaN,9
6/19/2017,12,NaN,12
6/20/2017,11,NaN,11
6/21/2017,14,NaN,14
6/22/2017,11,NaN,11
6/23/2017,13,11,15
6/24/2017,13,NaN,13
6/25/2017,8,NaN,8
6/26/2017,15.5,15,16
6/27/2017,13.5,14,13
6/28/2017,10.5,12,9
6/29/2017,10.5,12,9
6/30/2017,14,15,13
7/1/2017,13.5,14,13
7/2/2017,15.5,15,16
7/3/2017,17.5,18,17
7/4/2017,20,20,20
7/5/2017,18,19,17
7/6/2017,12.5,14,11
7/7/2017,13,12,14
7/8/2017,12.5,10,15
7/9/2017,15,11,19
7/10/2017,12.5,13,12
7/11/2017,13.5,12,15
7/12/2017,11,11,NaN
7/13/2017,12,12,NaN
7/14/2017,16,16,NaN
7/15/2017,12,12,NaN
7/16/2017,12,12,12
7/17/2017,13.5,14,13
7/18/2017,12,13,11
7/19/2017,13,14,12
7/20/2017,14,15,13
7/21/2017,13.5,15,12
7/22/2017,13,14,12
7/23/2017,12,12,12
7/24/2017,13.5,15,12
7/25/2017,16,19,13
7/26/2017,12,13,11
7/27/2017,12,NaN,12
7/28/2017,12,NaN,12
7/29/2017,12,NaN,12
7/30/2017,12,NaN,12
7/31/2017,12.5,14,11
8/1/2017,14,16,12
8/2/2017,13.5,15,12
8/3/2017,14.5,16,13
8/4/2017,14,16,12
8/5/2017,15,17,13
8/6/2017,13.5,15,12
8/7/2017,13.5,15,12
8/8/2017,12.5,14,11
8/9/2017,12,12,12
8/10/2017,13,14,12
8/11/2017,14,16,12
8/12/2017,12.5,13,12
8/13/2017,12.5,14,11
8/14/2017,16,19,13
8/15/2017,14,16,12
8/16/2017,13.5,15,12
8/17/2017,13.5,15,12
8/18/2017,12,13,11
8/19/2017,13,14,12
8/20/2017,11,12,10
8/21/2017,12,12,12
8/22/2017,13,14,12
8/23/2017,11.5,11,12
8/24/2017,15,15,15
8/25/2017,20,20,NaN
8/26/2017,11.5,12,11
8/27/2017,9.5,10,9
8/28/2017,11.5,12,11
8/29/2017,13,14,12
8/30/2017,11.5,12,11
8/31/2017,10.5,11,10
9/1/2017,NaN,NaN,NaN
9/2/2017,10.5,10,11
9/3/2017,11.5,12,11
9/4/2017,13,14,12
9/5/2017,12,12,NaN
9/6/2017,13,13,NaN
9/7/2017,7.5,11,4
9/8/2017,9.5,11,8
9/9/2017,11,14,8
9/10/2017,12.5,15,10
9/11/2017,12.5,16,9
9/12/2017,12,17,7
9/13/2017,12.5,15,10
9/14/2017,13,16,10
9/15/2017,13,16,10
9/16/2017,14.5,16,13
9/17/2017,9,13,5
9/18/2017,9,11,7
9/19/2017,10.5,13,8
9/20/2017,11,13,9
9/21/2017,13,16,10
9/22/2017,12,15,9
9/23/2017,16.5,19,14
9/24/2017,17.5,21,14
9/25/2017,18,20,16
9/26/2017,12.5,17,8
9/27/2017,12.5,15,10
9/28/2017,15,19,11
9/29/2017,12,14,10
9/30/2017,13.5,15,12
10/1/2017,17,20,14
10/2/2017,16.5,20,13
10/3/2017,13,16,10
10/4/2017,10,13,7
10/5/2017,9.5,11,8
10/6/2017,11.5,14,9
10/7/2017,12,14,10
10/8/2017,10,12,8
10/9/2017,10,12,8
10/10/2017,13,15,11
10/11/2017,10.5,13,8
10/12/2017,10.5,14,7
10/13/2017,10.5,14,7
10/14/2017,14,16,12
10/15/2017,12,14,10
10/16/2017,10,14,6
10/17/2017,12,15,9
10/18/2017,11.5,15,8
10/19/2017,14.5,20,9
10/20/2017,14,16,12
10/21/2017,13.5,16,11
10/22/2017,15,19,11
10/23/2017,17,17,NaN
10/24/2017,17,17,NaN
10/25/2017,16,20,12
10/26/2017,16.5,21,12
10/27/2017,15,19,11
10/28/2017,16.5,20,13
10/29/2017,19.5,22,17
10/30/2017,29.5,37,22
10/31/2017,31,38,24
11/1/2017,31,35,27
11/2/2017,27,32,22
11/3/2017,27,31,23
11/4/2017,38.5,44,33
11/5/2017,32,39,25
11/6/2017,31,36,26
11/7/2017,25.5,31,20
11/8/2017,18.5,21,16
11/9/2017,16,20,12
11/10/2017,14.5,17,12
11/11/2017,14.5,19,10
11/12/2017,14,18,10
11/13/2017,18.5,21,16
11/14/2017,20.5,23,18
11/15/2017,20.5,23,18
11/16/2017,21,24,18
11/17/2017,22,26,18
11/18/2017,18,19,17
11/19/2017,20,22,18
11/20/2017,24,24,NaN
11/21/2017,23,23,NaN
11/22/2017,20,20,NaN
11/23/2017,20.5,23,18
11/24/2017,21,25,17
11/25/2017,19,24,14
11/26/2017,16.5,21,12
11/27/2017,21,25,17
11/28/2017,27.5,32,23
11/29/2017,21,27,15
11/30/2017,21,25,17
12/1/2017,19.5,24,15
12/2/2017,19.5,26,13
12/3/2017,20.5,26,15
12/4/2017,27,27,NaN
12/5/2017,29,29,NaN
12/6/2017,28,33,23
12/7/2017,32.5,37,28
12/8/2017,34,39,29
12/9/2017,41,41,NaN
12/10/2017,36,36,NaN
12/11/2017,26,26,NaN
12/12/2017,22,30,14
12/13/2017,20.5,26,15
12/14/2017,17.5,22,13
12/15/2017,22.5,30,15
12/16/2017,24,29,19
12/17/2017,28,33,23
12/18/2017,25,30,20
12/19/2017,28.5,35,22
12/20/2017,31.5,38,25
12/21/2017,33,39,27
12/22/2017,32.5,39,26
12/23/2017,37,40,34
12/24/2017,29,34,24
12/25/2017,24.5,29,20
12/26/2017,37.5,43,32
12/27/2017,30.5,35,26
12/28/2017,13,16,10
12/29/2017,17,19,15
12/30/2017,18.5,20,17
12/31/2017,17.5,21,14
1/1/2018,23.5,27,20
1/2/2018,28,28,NaN
1/3/2018,22,28,16
1/4/2018,25.5,30,21
1/5/2018,22.5,23,22
1/6/2018,34.5,30,39
1/7/2018,35.5,31,40
1/8/2018,30.5,26,35
1/9/2018,24,24,24
1/10/2018,22.5,22,23
1/11/2018,33.5,37,30
1/12/2018,21,21,NaN
1/13/2018,20,25,15
1/14/2018,29,33,25
1/15/2018,35,36,34
1/16/2018,38,40,36
1/17/2018,36.5,40,33
1/18/2018,32,35,29
1/19/2018,30,33,27
1/20/2018,34.5,37,32
1/21/2018,37.5,41,34
1/22/2018,28,33,23
1/23/2018,29,32,26
1/24/2018,21,24,18
1/25/2018,23,27,19
1/26/2018,22.5,26,19
1/27/2018,28,30,26
1/28/2018,26.5,29,24
1/29/2018,28.5,32,25
1/30/2018,25,29,21
1/31/2018,31,32,30
2/1/2018,30.5,35,26
2/2/2018,34,36,32
2/3/2018,53.5,57,50
2/4/2018,55,59,51
2/5/2018,59,64,54
2/6/2018,69.5,74,65
2/7/2018,60,63,57
2/8/2018,54.5,58,51
2/9/2018,50,53,47
2/10/2018,43.5,48,39
2/11/2018,44.5,47,42
2/12/2018,56.5,59,54
2/13/2018,67.5,70,65
2/14/2018,65.5,67,64
2/15/2018,51.5,54,49
2/16/2018,35.5,37,34
2/17/2018,39,41,37
2/18/2018,46,46,NaN
2/19/2018,55,53,57
2/20/2018,57,55,59
2/21/2018,58,55,61
2/22/2018,44,45,43
2/23/2018,40,41,39
2/24/2018,43,47,39
2/25/2018,39.5,42,37
2/26/2018,51.5,54,49
2/27/2018,48,53,43
2/28/2018,75,75,75
3/1/2018,80.5,79,82
3/2/2018,73,72,74
3/3/2018,57.5,57,58
3/4/2018,59,59,NaN
3/5/2018,66.5,67,66
3/6/2018,90,94,86
3/7/2018,66.5,65,68
3/8/2018,101,102,100
3/9/2018,72.5,73,72
3/10/2018,38.5,39,38
3/11/2018,57.5,56,59
3/12/2018,52.5,51,54
3/13/2018,47,46,48
3/14/2018,63.5,66,61
3/15/2018,74,74,74
3/16/2018,84.5,86,83
3/17/2018,87.5,88,87
3/18/2018,96,97,95
3/19/2018,70,67,73
3/20/2018,59.5,60,59
3/21/2018,82.5,82,83
3/22/2018,76.5,79,74
3/23/2018,70.5,72,69
3/24/2018,66,68,64
3/25/2018,74,76,72
3/26/2018,70.5,70,71
3/27/2018,58.5,57,60
3/28/2018,75.5,77,74
3/29/2018,106,104,108
3/30/2018,106,105,107
3/31/2018,72,NaN,72
4/1/2018,46,47,45
4/2/2018,52,52,52
4/3/2018,34,34,34
4/4/2018,42,41,43
4/5/2018,35,33,37
4/6/2018,27,26,28
4/7/2018,21.5,23,20
4/8/2018,16,18,14
4/9/2018,26,25,27
4/10/2018,42,41,43
4/11/2018,74,72,76
4/12/2018,69,69,69
4/13/2018,73.5,71,76
4/14/2018,87.5,89,86
4/15/2018,85,94,76
4/16/2018,62.5,64,61
4/17/2018,33,33,33
4/18/2018,26,27,25
4/19/2018,34.5,35,34
4/20/2018,48,46,50
4/21/2018,56.5,56,57
4/22/2018,78,76,80
4/23/2018,74,75,73
4/24/2018,83.5,85,82
4/25/2018,70,69,71
4/26/2018,44.5,44,45
4/27/2018,37.5,38,37
4/28/2018,33,32,34
4/29/2018,23.5,25,22
4/30/2018,21,25,17
5/1/2018,17,18,16
5/2/2018,10,11,9
5/3/2018,11.5,13,10
5/4/2018,15,15,15
5/5/2018,16.5,18,15
5/6/2018,23.5,25,22
5/7/2018,34.5,36,33
5/8/2018,39,40,38
5/9/2018,41,41,41
5/10/2018,34,NaN,34
5/11/2018,27,NaN,27
5/12/2018,25,NaN,25
5/13/2018,23,25,21
5/14/2018,23,24,22
5/15/2018,26,28,24
5/16/2018,26.5,30,23
5/17/2018,20.5,22,19
5/18/2018,15.5,15,16
5/19/2018,20.5,22,19
5/20/2018,22.5,23,22
5/21/2018,24.5,23,26
5/22/2018,15,14,16
5/23/2018,18,18,18
5/24/2018,12.5,13,12
5/25/2018,12.5,13,12
5/26/2018,14,14,14
5/27/2018,9,11,7
5/28/2018,11.5,11,12
5/29/2018,10.5,11,10
5/30/2018,11,11,11
5/31/2018,11,11,NaN
6/1/2018,21.5,11,32
6/2/2018,20.5,9,32
6/3/2018,30,12,48
6/4/2018,27.5,14,41
6/5/2018,20,14,26
6/6/2018,13,13,NaN
6/7/2018,12,NaN,12
6/8/2018,10.5,12,9
6/9/2018,10.5,10,11
6/10/2018,10.5,11,10
6/11/2018,10,NaN,10
6/12/2018,9,9,9
6/13/2018,11.5,11,12
6/14/2018,15.5,15,16
6/15/2018,14.5,14,15
6/16/2018,20.5,19,22
6/17/2018,29,29,29
6/18/2018,34,34,34
6/19/2018,31,28,34
6/20/2018,20.5,20,21
6/21/2018,15,14,16
6/22/2018,15,15,15
6/23/2018,14,14,14
6/24/2018,13,12,14
6/25/2018,15.5,15,16
6/26/2018,12.5,13,12
6/27/2018,10.5,10,11
6/28/2018,10,11,9
6/29/2018,11.5,11,12
6/30/2018,14.5,13,16
7/1/2018,13.5,12,15
7/2/2018,13,15,11
7/3/2018,14.5,16,13
7/4/2018,13.5,15,12
7/5/2018,23.5,13,34
7/6/2018,14,14,NaN
7/7/2018,11.5,13,10
7/8/2018,15.5,15,16
7/9/2018,15,15,15
7/10/2018,14.5,12,17
7/11/2018,11,10,12
7/12/2018,11.5,12,11
7/13/2018,12,10,14
7/14/2018,15,11,19
7/15/2018,12,12,NaN
7/16/2018,8,NaN,8
7/17/2018,11,NaN,11
7/18/2018,11,NaN,11
7/19/2018,10.5,11,10
7/20/2018,13,13,13
7/21/2018,21.5,19,24
7/22/2018,18.5,18,19
7/23/2018,15.5,15,16
7/24/2018,16,16,16
7/25/2018,19,18,20
7/26/2018,19.5,16,23
7/27/2018,19.5,19,20
7/28/2018,15,15,15
7/29/2018,19,17,21
7/30/2018,20,20,20
7/31/2018,16.5,17,16
8/1/2018,17,18,16
8/2/2018,22,22,NaN
8/3/2018,20.5,21,20
8/4/2018,22,24,20
8/5/2018,19.5,18,21
8/6/2018,20,20,NaN
8/7/2018,16,19,13
8/8/2018,18.5,19,18
8/9/2018,18,18,18
8/10/2018,15,15,15
8/11/2018,14.5,15,14
8/12/2018,15,15,15
8/13/2018,11.5,13,10
8/14/2018,13,15,11
8/15/2018,18,16,20
8/16/2018,14,14,NaN
8/17/2018,19.5,17,22
8/18/2018,10.5,11,10
8/19/2018,11,14,8
8/20/2018,16,18,14
8/21/2018,16,18,14
8/22/2018,15,16,14
8/23/2018,15.5,17,14
8/24/2018,13,15,11
8/25/2018,12.5,15,10
8/26/2018,12.5,15,10
8/27/2018,10,12,8
8/28/2018,10.5,13,8
8/29/2018,13.5,16,11
8/30/2018,21,21,21
8/31/2018,18.5,18,19
9/1/2018,12.5,15,10
9/2/2018,13.5,15,12
9/3/2018,16.5,15,18
9/4/2018,13.5,14,13
9/5/2018,11,13,9
9/6/2018,14,14,14
9/7/2018,16,19,13
9/8/2018,12.5,15,10
9/9/2018,12.5,15,10
9/10/2018,13,17,9
9/11/2018,13,15,11
9/12/2018,14,13,15
9/13/2018,17,14,20
9/14/2018,11,10,12
9/15/2018,13,12,14
9/16/2018,15.5,15,16
9/17/2018,16.5,15,18
9/18/2018,9,9,9
9/19/2018,9,8,10
9/20/2018,8.5,9,8
9/21/2018,11.5,10,13
9/22/2018,14,14,14
9/23/2018,15.5,17,14
9/24/2018,14,16,12
9/25/2018,13.5,15,12
9/26/2018,11,13,9
9/27/2018,12,15,9
9/28/2018,12,16,8
9/29/2018,12,17,7
9/30/2018,12.5,16,9
10/1/2018,19,19,NaN
10/2/2018,15,15,NaN
10/3/2018,18,18,NaN
10/4/2018,27,27,NaN
10/5/2018,35,35,NaN
10/6/2018,35,35,NaN
10/7/2018,35,35,NaN
10/8/2018,35,35,NaN
10/9/2018,35,35,NaN
10/10/2018,29,29,NaN
10/11/2018,19,19,NaN
10/12/2018,25,25,NaN
10/13/2018,20,20,NaN
10/14/2018,22,22,NaN
10/15/2018,21,21,NaN
10/16/2018,23,23,NaN
10/17/2018,20,20,NaN
10/18/2018,20,20,NaN
10/19/2018,21,21,NaN
10/20/2018,24,24,NaN
10/21/2018,19,19,NaN
10/22/2018,15,15,NaN
10/23/2018,14,14,NaN
10/24/2018,15,15,NaN
10/25/2018,16,16,NaN
10/26/2018,19,19,NaN
10/27/2018,20,20,NaN
10/28/2018,22,22,NaN
10/29/2018,23,23,NaN
10/30/2018,20,20,NaN
10/31/2018,24,24,NaN
11/1/2018,27,27,NaN
11/2/2018,29,29,NaN
11/3/2018,31,31,NaN
11/4/2018,29,29,NaN
11/5/2018,28,28,NaN
11/6/2018,25,25,NaN
11/7/2018,23,23,NaN
11/8/2018,22,22,NaN
11/9/2018,19,19,NaN
11/10/2018,14,14,NaN
11/11/2018,12,12,NaN
11/12/2018,13,13,NaN
11/13/2018,14,14,NaN
11/14/2018,16,16,NaN
11/15/2018,16,16,NaN
11/16/2018,18,18,NaN
11/17/2018,21,21,NaN
11/18/2018,21,21,NaN
11/19/2018,23,23,NaN
11/20/2018,24,24,NaN
11/21/2018,22,22,NaN
11/22/2018,23,23,NaN
11/23/2018,24,24,NaN
11/24/2018,23,23,NaN
11/25/2018,23,23,NaN
11/26/2018,19,23,15
11/27/2018,19,24,14
11/28/2018,18,21,15
11/29/2018,23,27,19
11/30/2018,26,28,24
12/1/2018,23.5,26,21
12/2/2018,24.5,25,24
12/3/2018,24.5,27,22
12/4/2018,25.5,26,25
12/5/2018,22.5,25,20
12/6/2018,23.5,25,22
12/7/2018,32,33,31
12/8/2018,44,41,47
12/9/2018,33.5,36,31
12/10/2018,19,19,19
12/11/2018,20.5,21,20
12/12/2018,19,18,20
12/13/2018,13,15,11
12/14/2018,16,17,15
12/15/2018,17,20,14
12/16/2018,15.5,18,13
12/17/2018,11.5,16,7
12/18/2018,19,20,18
12/19/2018,25.5,27,24
12/20/2018,30,29,31
12/21/2018,20.5,21,20
12/22/2018,13,16,10
12/23/2018,12.5,17,8
12/24/2018,18.5,21,16
12/25/2018,19.5,23,16
12/26/2018,17,19,15
12/27/2018,21,24,18
12/28/2018,29,30,28
12/29/2018,30.5,33,28
12/30/2018,18.5,21,16
12/31/2018,20.5,22,19
1/1/2019,26.5,26,27
1/2/2019,19,21,17
1/3/2019,18.5,21,16
1/4/2019,18,20,16
1/5/2019,19,22,16
1/6/2019,19.5,21,18
1/7/2019,24.5,27,22
1/8/2019,20,23,17
1/9/2019,16.5,18,15
1/10/2019,20.5,21,20
1/11/2019,21,23,19
1/12/2019,22,24,20
1/13/2019,24,25,23
1/14/2019,21.5,24,19
1/15/2019,23.5,26,21
1/16/2019,16.5,20,13
1/17/2019,23.5,25,22
1/18/2019,29.5,30,29
1/19/2019,33.5,36,31
1/20/2019,28,31,25
1/21/2019,23.5,26,21
1/22/2019,28,30,26
1/23/2019,34,37,31
1/24/2019,27,31,23
1/25/2019,28.5,32,25
1/26/2019,28.5,30,27
1/27/2019,43.5,43,44
1/28/2019,44,44,44
1/29/2019,45.5,45,46
1/30/2019,47,47,47
1/31/2019,38.5,39,38
2/1/2019,40,38,42
2/2/2019,46,45,47
2/3/2019,29.5,30,29
2/4/2019,22.5,23,22
2/5/2019,19,20,18
2/6/2019,25,26,24
2/7/2019,25,26,24
2/8/2019,23,25,21
2/9/2019,24.5,25,24
2/10/2019,27.5,29,26
2/11/2019,38.5,39,38
2/12/2019,78,82,74
2/13/2019,73,74,72
2/14/2019,42,42,42
2/15/2019,42,46,38
2/16/2019,51,56,46
2/17/2019,40.5,40,41
2/18/2019,46,47,45
2/19/2019,56,60,52
2/20/2019,54,57,51
2/21/2019,59.5,63,56
2/22/2019,61,59,63
2/23/2019,67.5,71,64
2/24/2019,52,56,48
2/25/2019,50.5,55,46
2/26/2019,60.5,63,58
2/27/2019,62.5,63,62
2/28/2019,67.5,69,66
3/1/2019,49,51,47
3/2/2019,45.5,49,42
3/3/2019,45.5,50,41
3/4/2019,38,40,36
3/5/2019,27.5,30,25
3/6/2019,27.5,32,23
3/7/2019,35.5,40,31
3/8/2019,45.5,48,43
3/9/2019,38,41,35
3/10/2019,56,60,52
3/11/2019,86,92,80
3/12/2019,131.5,141,122
3/13/2019,120.5,122,119
3/14/2019,133.5,141,126
3/15/2019,152,158,146
3/16/2019,141,141,NaN
3/17/2019,101,101,NaN
3/18/2019,92.5,97,88
3/19/2019,59,62,56
3/20/2019,51,55,47
3/21/2019,55,59,51
3/22/2019,113,123,103
3/23/2019,219,228,210
3/24/2019,164,189,139
3/25/2019,109.5,118,101
3/26/2019,87.5,100,75
3/27/2019,76,92,60
3/28/2019,72.5,82,63
3/29/2019,119.5,129,110
3/30/2019,209,213,205
3/31/2019,100.5,109,92
4/1/2019,131,147,115
4/2/2019,132,145,119
4/3/2019,116,124,108
4/4/2019,121,126,116
4/5/2019,119.5,125,114
4/6/2019,102,105,99
4/7/2019,73.5,79,68
4/8/2019,64.5,69,60
4/9/2019,68.5,72,65
4/10/2019,78,83,73
4/11/2019,93.5,99,88
4/12/2019,97.5,102,93
4/13/2019,89,92,86
4/14/2019,66,68,64
4/15/2019,59,64,54
4/16/2019,61.5,66,57
4/17/2019,57.5,62,53
4/18/2019,42,47,37
4/19/2019,54,59,49
4/20/2019,58.5,64,53
4/21/2019,64.5,71,58
4/22/2019,46.5,49,44
4/23/2019,26.5,33,20
4/24/2019,35,41,29
4/25/2019,50.5,56,45
4/26/2019,46.5,50,43
4/27/2019,48.5,52,45
4/28/2019,49.5,57,42
4/29/2019,59.5,63,56
4/30/2019,56.5,58,55
5/1/2019,57,58,56
5/2/2019,62.5,66,59
5/3/2019,67,71,63
5/4/2019,50.5,54,47
5/5/2019,55.5,59,52
5/6/2019,57,60,54
5/7/2019,57,59,55
5/8/2019,54,56,52
5/9/2019,47,50,44
5/10/2019,44,48,40
5/11/2019,43.5,48,39
5/12/2019,34,36,32
5/13/2019,29.5,34,25
5/14/2019,22.5,27,18
5/15/2019,21,25,17
5/16/2019,32,35,29
5/17/2019,38.5,41,36
5/18/2019,42.5,45,40
5/19/2019,38,43,33
5/20/2019,37.5,41,34
5/21/2019,31,35,27
5/22/2019,14.5,19,10
5/23/2019,17.5,20,15
5/24/2019,24,28,20
5/25/2019,26,30,22
5/26/2019,24.5,26,23
5/27/2019,24,27,21
5/28/2019,21.5,25,18
5/29/2019,16,20,12
5/30/2019,11,14,8
5/31/2019,14.5,17,12
6/1/2019,14.5,17,12
6/2/2019,14.5,17,12
6/3/2019,10.5,13,8
6/4/2019,11.5,15,8
6/5/2019,12.5,14,11
6/6/2019,12.5,15,10
6/7/2019,12,16,8
6/8/2019,13.5,17,10
6/9/2019,13,16,10
6/10/2019,8.5,12,5
6/11/2019,10.5,12,9
6/12/2019,12.5,15,10
6/13/2019,13.5,13,14
6/14/2019,13.5,12,15
6/15/2019,19,18,20
6/16/2019,14.5,15,14
6/17/2019,12.5,11,14
6/18/2019,13.5,12,15
6/19/2019,14.5,15,14
6/20/2019,15,14,16
6/21/2019,15,15,15
6/22/2019,16.5,16,17
6/23/2019,18,19,17
6/24/2019,18,20,16
6/25/2019,15.5,17,14
6/26/2019,15,17,13
6/27/2019,9.5,12,7
6/28/2019,10.5,12,9
6/29/2019,9.5,12,7
6/30/2019,10.5,13,8
7/1/2019,12,16,8
7/2/2019,21,23,19
7/3/2019,17.5,20,15
7/4/2019,18,22,14
7/5/2019,9.5,11,8
7/6/2019,9.5,13,6
7/7/2019,11,14,8
7/8/2019,13.5,16,11
7/9/2019,15.5,19,12
7/10/2019,14,17,11
7/11/2019,13.5,16,11
7/12/2019,14.5,17,12
7/13/2019,13,16,10
7/14/2019,9.5,12,7
7/15/2019,11.5,14,9
7/16/2019,11.5,15,8
7/17/2019,11,14,8
7/18/2019,12.5,14,11
7/19/2019,12.5,15,10
7/20/2019,13,16,10
7/21/2019,10.5,13,8
7/22/2019,9.5,12,7
7/23/2019,11.5,14,9
7/24/2019,11,13,9
7/25/2019,11,13,9
7/26/2019,12,14,10
7/27/2019,13.5,15,12
7/28/2019,12.5,14,11
7/29/2019,11,14,8
7/30/2019,11.5,14,9
7/31/2019,14.5,17,12
8/1/2019,11.5,13,10
8/2/2019,11,13,9
8/3/2019,9.5,12,7
8/4/2019,13.5,16,11
8/5/2019,9.5,11,8
8/6/2019,10,13,7
8/7/2019,11.5,14,9
8/8/2019,11.5,14,9
8/9/2019,15.5,18,13
8/10/2019,13.5,15,12
8/11/2019,11,13,9
8/12/2019,13.5,16,11
8/13/2019,16.5,18,15
8/14/2019,18.5,20,17
8/15/2019,18,20,16
8/16/2019,15,17,13
8/17/2019,18.5,20,17
8/18/2019,14.5,17,12
8/19/2019,11.5,14,9
8/20/2019,12,14,10
8/21/2019,11.5,14,9
8/22/2019,9.5,12,7
8/23/2019,10,13,7
8/24/2019,7.5,10,5
8/25/2019,9.5,12,7
8/26/2019,12.5,15,10
8/27/2019,14,16,12
8/28/2019,11.5,15,8
8/29/2019,13.5,16,11
8/30/2019,13.5,15,12
8/31/2019,9.5,12,7
9/1/2019,8,11,5
9/2/2019,10,13,7
9/3/2019,9,11,7
9/4/2019,13,15,11
9/5/2019,11.5,14,9
9/6/2019,10.5,14,7
9/7/2019,10,12,8
9/8/2019,13,15,11
9/9/2019,14.5,16,13
9/10/2019,13,16,10
9/11/2019,12,15,9
9/12/2019,12,14,10
9/13/2019,9.5,12,7
9/14/2019,12,14,10
9/15/2019,15.5,18,13
9/16/2019,16.5,19,14
9/17/2019,17.5,19,16
9/18/2019,15,18,12
9/19/2019,13.5,16,11
9/20/2019,15,17,13
9/21/2019,16.5,20,13
9/22/2019,17,19,15
9/23/2019,20,22,18
9/24/2019,26,28,24
9/25/2019,31.5,34,29
9/26/2019,32,34,30
9/27/2019,26.5,28,25
9/28/2019,28.5,31,26
9/29/2019,33,35,31
9/30/2019,34.5,36,33
10/1/2019,23,26,20
10/2/2019,13.5,16,11
10/3/2019,15,18,12
10/4/2019,15.5,18,13
10/5/2019,16,19,13
10/6/2019,16.5,18,15
10/7/2019,15,17,13
10/8/2019,19,21,17
10/9/2019,19,20,18
10/10/2019,22,24,20
10/11/2019,11.5,14,9
10/12/2019,13.5,15,12
10/13/2019,14,16,12
10/14/2019,12.5,14,11
10/15/2019,13.5,16,11
10/16/2019,13,15,11
10/17/2019,14.5,16,13
10/18/2019,13.5,16,11
10/19/2019,17,19,15
10/20/2019,20.5,22,19
10/21/2019,22.5,23,22
10/22/2019,24.5,25,24
10/23/2019,20.5,23,18
10/24/2019,21.5,23,20
10/25/2019,23,25,21
10/26/2019,23.5,26,21
10/27/2019,18,19,17
10/28/2019,19,20,18
10/29/2019,16.5,18,15
10/30/2019,12,14,10
10/31/2019,14,16,12
11/1/2019,17,17,NaN
11/2/2019,15,17,13
11/3/2019,16,17,15
11/4/2019,18,18,18
11/5/2019,23.5,24,23
11/6/2019,25.5,27,24
11/7/2019,22.5,24,21
11/8/2019,22,24,20
11/9/2019,28.5,31,26
11/10/2019,38.5,40,37
11/11/2019,39,39,39
11/12/2019,35.5,35,36
11/13/2019,28.5,30,27
11/14/2019,19.5,21,18
11/15/2019,16.5,18,15
11/16/2019,20.5,22,19
11/17/2019,20,22,18
11/18/2019,16.5,20,13
11/19/2019,21.5,24,19
11/20/2019,24,26,22
11/21/2019,23.5,25,22
11/22/2019,25,28,22
11/23/2019,31.5,34,29
11/24/2019,29,32,26
11/25/2019,28,30,26
11/26/2019,25.5,27,24
11/27/2019,24.5,28,21
11/28/2019,22.5,26,19
11/29/2019,24,28,20
11/30/2019,26,30,22
12/1/2019,25,28,22
12/2/2019,26.5,29,24
12/3/2019,27,30,24
12/4/2019,30,34,26
12/5/2019,26,30,22
12/6/2019,25,28,22
12/7/2019,26,29,23
12/8/2019,28,32,24
12/9/2019,30,32,28
12/10/2019,33,36,30
12/11/2019,37,39,35
12/12/2019,42.5,44,41
12/13/2019,43,45,41
12/14/2019,40.5,43,38
12/15/2019,38.5,41,36
12/16/2019,39,37,41
12/17/2019,37.5,38,37
12/18/2019,32.5,32,33
12/19/2019,29,30,28
12/20/2019,37,37,37
12/21/2019,31,33,29
12/22/2019,27.5,28,27
12/23/2019,24.5,26,23
12/24/2019,31,31,31
12/25/2019,41,40,42
12/26/2019,36.5,36,37
12/27/2019,52,52,52
12/28/2019,70,70,70
12/29/2019,47,49,45
12/30/2019,31,34,28
12/31/2019,30.5,34,27
1/1/2020,28,28,28
1/2/2020,20,23,17
1/3/2020,21,26,16
1/4/2020,33,36,30
1/5/2020,58,61,55
1/6/2020,39,42,36
1/7/2020,29,31,27
1/8/2020,53.5,56,51
1/9/2020,58,58,58
1/10/2020,48,49,47
1/11/2020,35,35,35
1/12/2020,41,42,40
1/13/2020,83,86,80
1/14/2020,46.5,48,45
1/15/2020,34.5,35,34
1/16/2020,31,32,30
1/17/2020,38,38,38
1/18/2020,50,49,51
1/19/2020,39.5,36,43
1/20/2020,50.5,50,51
1/21/2020,54,51,57
1/22/2020,35,35,NaN
1/23/2020,29,27,31
1/24/2020,31,28,34
1/25/2020,35,36,34
1/26/2020,43.5,41,46
1/27/2020,42.5,40,45
1/28/2020,46.5,43,50
1/29/2020,43,44,42
1/30/2020,58,60,56
1/31/2020,67.5,65,70
2/1/2020,52,50,54
2/2/2020,38,38,38
2/3/2020,35,33,37
2/4/2020,40.5,41,40
2/5/2020,36.5,36,37
2/6/2020,42,41,43
2/7/2020,41,38,44
2/8/2020,47.5,48,47
2/9/2020,62,61,63
2/10/2020,53,52,54
2/11/2020,45,45,45
2/12/2020,38.5,36,41
2/13/2020,39,40,38
2/14/2020,32.5,32,33
2/15/2020,49,48,50
2/16/2020,78.5,76,81
2/17/2020,80.5,75,86
2/18/2020,76.5,75,78
2/19/2020,56.5,57,56
2/20/2020,55,54,56
2/21/2020,72,73,71
2/22/2020,55,54,56
2/23/2020,54.5,54,55
2/24/2020,56,56,56
2/25/2020,69,70,68
2/26/2020,70.5,72,69
2/27/2020,67.5,81,54
2/28/2020,77.5,96,59
2/29/2020,77,99,55
3/1/2020,57.5,73,42
3/2/2020,66.5,67,66
3/3/2020,59,61,57
3/4/2020,53,58,48
3/5/2020,43,46,40
3/6/2020,41.5,42,41
3/7/2020,42.5,44,41
3/8/2020,57.5,61,54
3/9/2020,57,64,50
3/10/2020,71.5,90,53
3/11/2020,63.5,70,57
3/12/2020,60,71,49
3/13/2020,116.5,120,113
3/14/2020,170,166,174
3/15/2020,146,132,160
3/16/2020,67,68,66
3/17/2020,71,74,68
3/18/2020,93,109,77
3/19/2020,145,174,116
3/20/2020,145.5,162,129
3/21/2020,89.5,110,69
3/22/2020,82.5,95,70
3/23/2020,97,101,93
3/24/2020,80.5,83,78
3/25/2020,96.5,105,88
3/26/2020,91,95,87
3/27/2020,98,102,94
3/28/2020,123,NaN,123
3/29/2020,117,NaN,117
3/30/2020,108.5,110,107
3/31/2020,86,NaN,86
4/1/2020,90,93,87
4/2/2020,101,101,NaN
4/3/2020,93.5,95,92
4/4/2020,125,127,123
4/5/2020,142,141,143
4/6/2020,125,125,125
4/7/2020,84,85,83
4/8/2020,92,94,90
4/9/2020,79.5,78,81
4/10/2020,66,65,67
4/11/2020,81,83,79
4/12/2020,89,91,87
4/13/2020,66,67,65
4/14/2020,38.5,42,35
4/15/2020,46,50,42
4/16/2020,46.5,50,43
4/17/2020,52,55,49
4/18/2020,55.5,55,56
4/19/2020,58.5,60,57
4/20/2020,60,62,58
4/21/2020,65.5,67,64
4/22/2020,58,58,58
4/23/2020,47.5,49,46
4/24/2020,42,45,39
4/25/2020,35,40,30
4/26/2020,18.5,22,15
4/27/2020,12,15,9
4/28/2020,11,14,8
4/29/2020,12.5,16,9
4/30/2020,16.5,19,14
5/1/2020,18.5,21,16
5/2/2020,14.5,18,11
5/3/2020,12,15,9
5/4/2020,17,21,13
5/5/2020,20,23,17
5/6/2020,29.5,33,26
5/7/2020,31.5,35,28
5/8/2020,23.5,28,19
5/9/2020,28,31,25
5/10/2020,23,26,20
5/11/2020,15.5,21,10
5/12/2020,15.5,19,12
5/13/2020,22,25,19
5/14/2020,19,22,16
5/15/2020,20.5,25,16
5/16/2020,22,24,20
5/17/2020,30.5,33,28
5/18/2020,27.5,30,25
5/19/2020,16,21,11
5/20/2020,15.5,20,11
5/21/2020,19.5,23,16
5/22/2020,31,35,27
5/23/2020,41,44,38
5/24/2020,42.5,46,39
5/25/2020,41,44,38
5/26/2020,32.5,38,27
5/27/2020,25,29,21
5/28/2020,15.5,20,11
5/29/2020,12.5,15,10
5/30/2020,10,14,6
5/31/2020,12,15,9
6/1/2020,16.5,18,15
6/2/2020,15.5,18,13
6/3/2020,16.5,19,14
6/4/2020,15,19,11
6/5/2020,12.5,16,9
6/6/2020,12.5,16,9
6/7/2020,9.5,12,7
6/8/2020,8.5,12,5
6/9/2020,8,11,5
6/10/2020,8.5,12,5
6/11/2020,9,13,5
6/12/2020,11.5,14,9
6/13/2020,10,12,8
6/14/2020,10.5,14,7
6/15/2020,11.5,14,9
6/16/2020,9,12,6
6/17/2020,9,12,6
6/18/2020,9,13,5
6/19/2020,9.5,13,6
6/20/2020,8.5,12,5
6/21/2020,10,13,7
6/22/2020,10,13,7
6/23/2020,9.5,13,6
6/24/2020,10,14,6
6/25/2020,9.5,13,6
6/26/2020,9,12,6
6/27/2020,8,12,4
6/28/2020,7.5,11,4
6/29/2020,9.5,13,6
6/30/2020,9,14,4
7/1/2020,8.5,13,4
7/2/2020,9,12,6
7/3/2020,9.5,12,7
7/4/2020,8.5,12,5
7/5/2020,8,11,5
7/6/2020,9.5,12,7
7/7/2020,13,14,12
7/8/2020,9,12,6
7/9/2020,8.5,12,5
7/10/2020,12,15,9
7/11/2020,10.5,14,7
7/12/2020,11,15,7
7/13/2020,9,12,6
7/14/2020,8,11,5
7/15/2020,9.5,12,7
7/16/2020,9,13,5
7/17/2020,8,11,5
7/18/2020,9,13,5
7/19/2020,10.5,13,8
7/20/2020,14,14,NaN
7/21/2020,9,12,6
7/22/2020,10,14,6
7/23/2020,10,13,7
7/24/2020,12.5,16,9
7/25/2020,12.5,15,10
7/26/2020,18,21,15
7/27/2020,14.5,18,11
7/28/2020,9,12,6
7/29/2020,11,13,9
7/30/2020,11.5,13,10
7/31/2020,11.5,14,9
8/1/2020,12,15,9
8/2/2020,15,18,12
8/3/2020,9,13,5
8/4/2020,8.5,11,6
8/5/2020,8,11,5
8/6/2020,12,15,9
8/7/2020,13,17,9
8/8/2020,9,12,6
8/9/2020,9.5,13,6
8/10/2020,13,17,9
8/11/2020,12,15,9
8/12/2020,11,14,8
8/13/2020,12.5,15,10
8/14/2020,8.5,12,5
8/15/2020,12.5,15,10
8/16/2020,14,17,11
8/17/2020,15,18,12
8/18/2020,15,17,13
8/19/2020,17.5,19,16
8/20/2020,15,17,13
8/21/2020,13,16,10
8/22/2020,9,11,7
8/23/2020,7.5,11,4
8/24/2020,12.5,15,10
8/25/2020,17.5,21,14
8/26/2020,13.5,16,11
8/27/2020,10.5,13,8
8/28/2020,14.5,17,12
8/29/2020,12,16,8
8/30/2020,12.5,16,9
8/31/2020,16,20,12
9/1/2020,16,19,13
9/2/2020,19,21,17
9/3/2020,21.5,24,19
9/4/2020,23.5,26,21
9/5/2020,21.5,24,19
9/6/2020,16.5,18,15
9/7/2020,15,16,14
9/8/2020,14,17,11
9/9/2020,8.5,12,5
9/10/2020,10.5,14,7
9/11/2020,NaN,NaN,NaN
9/12/2020,7,NaN,7
9/13/2020,12,15,9
9/14/2020,16,19,13
9/15/2020,12,15,9
9/16/2020,11.5,15,8
9/17/2020,12,15,9
9/18/2020,9.5,12,7
9/19/2020,11,14,8
9/20/2020,6.5,9,4
9/21/2020,8,11,5
9/22/2020,11,14,8
9/23/2020,9.5,12,7
9/24/2020,8,11,5
9/25/2020,9,11,7
9/26/2020,9,12,6
9/27/2020,11,14,8
9/28/2020,13.5,16,11
9/29/2020,14,17,11
9/30/2020,11,14,8
10/1/2020,10.5,13,8
10/2/2020,9.5,12,7
10/3/2020,11.5,14,9
10/4/2020,10.5,13,8
10/5/2020,11.5,14,9
10/6/2020,11,13,9
10/7/2020,12,15,9
10/8/2020,13.5,16,11
10/9/2020,12.5,16,9
10/10/2020,15,17,13
10/11/2020,13.5,15,12
10/12/2020,13.5,16,11
10/13/2020,14.5,18,11
10/14/2020,15.5,16,15
10/15/2020,11,17,5
10/16/2020,9,13,5
10/17/2020,7.5,11,4
10/18/2020,8,12,4
10/19/2020,7,10,4
10/20/2020,8,11,5
10/21/2020,10,11,9
10/22/2020,11.5,14,9
10/23/2020,12.5,15,10
10/24/2020,16,19,13
10/25/2020,18,21,15
10/26/2020,20.5,23,18
10/27/2020,16,18,14
10/28/2020,12.5,15,10
10/29/2020,12.5,15,10
10/30/2020,8,11,5
10/31/2020,10.5,13,8
11/1/2020,15,16,14
11/2/2020,17,17,NaN
11/3/2020,15.5,18,13
11/4/2020,17,20,14
11/5/2020,14.5,18,11
11/6/2020,15.5,18,13
11/7/2020,14,17,11
11/8/2020,13,16,10
11/9/2020,17,21,13
11/10/2020,24.5,28,21
11/11/2020,24,27,21
11/12/2020,21.5,24,19
11/13/2020,21,23,19
11/14/2020,19,22,16
11/15/2020,26,26,NaN
11/16/2020,25,25,NaN
11/17/2020,26,26,NaN
11/18/2020,23.5,26,21
11/19/2020,19,21,17
11/20/2020,20,22,18
11/21/2020,19.5,21,18
11/22/2020,20,23,17
11/23/2020,25,27,23
11/24/2020,24.5,29,20
11/25/2020,19.5,22,17
11/26/2020,21.5,24,19
11/27/2020,21.5,24,19
11/28/2020,21,23,19
11/29/2020,21.5,23,20
11/30/2020,25,25,NaN
12/1/2020,23.5,27,20
12/2/2020,25,26,24
12/3/2020,24,26,22
12/4/2020,26.5,30,23
12/5/2020,29.5,33,26
12/6/2020,35,38,32
12/7/2020,31.5,34,29
12/8/2020,28,30,26
12/9/2020,31,33,29
12/10/2020,28.5,30,27
12/11/2020,28,30,26
12/12/2020,29.5,31,28
12/13/2020,29,31,27
12/14/2020,24.5,25,24
12/15/2020,24,28,20
12/16/2020,28.5,30,27
12/17/2020,30,32,28
12/18/2020,26.5,28,25
12/19/2020,24.5,26,23
12/20/2020,19.5,21,18
12/21/2020,14.5,17,12
12/22/2020,17.5,22,13
12/23/2020,23,26,20
12/24/2020,27.5,29,26
12/25/2020,29.5,30,29
12/26/2020,31,33,29
12/27/2020,27,28,26
12/28/2020,20,21,19
12/29/2020,18,19,17
12/30/2020,24,25,23
12/31/2020,26,28,24
1/1/2021,28,32,24
1/2/2021,28,30,26
1/3/2021,35,36,34
1/4/2021,40.5,41,40
1/5/2021,42.5,40,45
1/6/2021,33,36,30
1/7/2021,30,32,28
1/8/2021,34.5,37,32
1/9/2021,32.5,36,29
1/10/2021,35.5,35,36
1/11/2021,42.5,40,45
1/12/2021,25,25,NaN
1/13/2021,26.5,29,24
1/14/2021,40.5,43,38
1/15/2021,54,53,55
1/16/2021,45,45,45
1/17/2021,47,47,47
1/18/2021,52,52,52
1/19/2021,45,45,45
1/20/2021,53,53,53
1/21/2021,57,57,57
1/22/2021,55,54,56
1/23/2021,56.5,55,58
1/24/2021,57,56,58
1/25/2021,46.5,53,40
1/26/2021,46,49,43
1/27/2021,51.5,56,47
1/28/2021,46,49,43
1/29/2021,55,60,50
1/30/2021,43,48,38
1/31/2021,34.5,40,29
2/1/2021,40.5,44,37
2/2/2021,30.5,33,28
2/3/2021,24,28,20
2/4/2021,37.5,43,32
2/5/2021,53.5,60,47
2/6/2021,65,71,59
2/7/2021,64,69,59
2/8/2021,44,48,40
2/9/2021,13.5,18,9
2/10/2021,15.5,19,12
2/11/2021,21.5,23,20
2/12/2021,29,33,25
2/13/2021,37.5,44,31
2/14/2021,38.5,43,34
2/15/2021,46,52,40
2/16/2021,46.5,51,42
2/17/2021,45,49,41
2/18/2021,55.5,61,50
2/19/2021,42.5,47,38
2/20/2021,35.5,41,30
2/21/2021,40.5,44,37
2/22/2021,35.5,39,32
2/23/2021,46,50,42
2/24/2021,59.5,66,53
2/25/2021,44,50,38
2/26/2021,51,56,46
2/27/2021,70,77,63
2/28/2021,75.5,75,76
3/1/2021,71,70,72
3/2/2021,68,70,66
3/3/2021,96.5,99,94
3/4/2021,71.5,72,71
3/5/2021,54,58,50
3/6/2021,88.5,90,87
3/7/2021,116.5,117,116
3/8/2021,108.5,109,108
3/9/2021,103.5,104,103
3/10/2021,110.5,116,105
3/11/2021,122.5,131,114
3/12/2021,100,98,102
3/13/2021,105.5,107,104
3/14/2021,91,88,94
3/15/2021,73,72,74
3/16/2021,64,62,66
3/17/2021,66.5,66,67
3/18/2021,73.5,71,76
3/19/2021,70.5,68,73
3/20/2021,69.5,70,69
3/21/2021,58,56,60
3/22/2021,54,53,55
3/23/2021,38,40,36
3/24/2021,43.5,45,42
3/25/2021,58,57,59
3/26/2021,53.5,55,52
3/27/2021,63.5,63,64
3/28/2021,65.5,67,64
3/29/2021,70.5,68,73
3/30/2021,90,87,93
3/31/2021,92,87,97
4/1/2021,86,81,91
4/2/2021,104.5,98,111
4/3/2021,100,101,99
4/4/2021,81,86,76
4/5/2021,75,74,76
4/6/2021,17,17,NaN
4/7/2021,15.5,19,12
4/8/2021,17.5,21,14
4/9/2021,26,28,24
4/10/2021,22.5,25,20
4/11/2021,16,20,12
4/12/2021,19.5,23,16
4/13/2021,21,24,18
4/14/2021,24,26,22
4/15/2021,27,30,24
4/16/2021,33,35,31
4/17/2021,21,25,17
4/18/2021,9.5,14,5
4/19/2021,17,20,14
4/20/2021,25,28,22
4/21/2021,33.5,35,32
4/22/2021,43.5,46,41
4/23/2021,52,53,51
4/24/2021,55,57,53
4/25/2021,37.5,40,35
4/26/2021,27.5,30,25
4/27/2021,20,23,17
4/28/2021,14,17,11
4/29/2021,12,16,8
4/30/2021,10.5,14,7
5/1/2021,12.5,15,10
5/2/2021,15,16,14
5/3/2021,16,18,14
5/4/2021,21,23,19
5/5/2021,21.5,24,19
5/6/2021,21.5,23,20
5/7/2021,16,19,13
5/8/2021,20.5,22,19
5/9/2021,16,20,12
5/10/2021,19.5,22,17
5/11/2021,14,17,11
5/12/2021,16,20,12
5/13/2021,14.5,17,12
5/14/2021,19,21,17
5/15/2021,24.5,26,23
5/16/2021,24.5,25,24
5/17/2021,29.5,33,26
5/18/2021,27,30,24
5/19/2021,24,26,22
5/20/2021,21.5,24,19
5/21/2021,25.5,29,22
5/22/2021,20.5,23,18
5/23/2021,11.5,14,9
5/24/2021,8,11,5
5/25/2021,13.5,15,12
5/26/2021,16.5,20,13
5/27/2021,20,23,17
5/28/2021,19,22,16
5/29/2021,15.5,17,14
5/30/2021,9.5,13,6
5/31/2021,9.5,13,6
6/1/2021,15,18,12
6/2/2021,22.5,25,20
6/3/2021,24,27,21
6/4/2021,22.5,23,22
6/5/2021,13,16,10
6/6/2021,16.5,18,15
6/7/2021,15.5,18,13
6/8/2021,14.5,17,12
6/9/2021,9,12,6
6/10/2021,8.5,10,7
6/11/2021,10,13,7
6/12/2021,11.5,13,10
6/13/2021,13,15,11
6/14/2021,11,15,7
6/15/2021,9,12,6
6/16/2021,9.5,12,7
6/17/2021,9,12,6
6/18/2021,9.5,13,6
6/19/2021,11,14,8
6/20/2021,15.5,19,12
6/21/2021,21,23,19
6/22/2021,15.5,18,13
6/23/2021,13.5,17,10
6/24/2021,11,14,8
6/25/2021,12,15,9
6/26/2021,11,14,8
6/27/2021,13,14,12
6/28/2021,10,13,7
6/29/2021,11.5,15,8
6/30/2021,12,15,9
7/1/2021,11,13,9
7/2/2021,10.5,13,8
7/3/2021,10,13,7
7/4/2021,10.5,12,9
7/5/2021,10.5,13,8
7/6/2021,11,13,9
7/7/2021,9.5,12,7
7/8/2021,10,14,6
7/9/2021,9,12,6
7/10/2021,8.5,12,5
7/11/2021,7,10,4
7/12/2021,8,11,5
7/13/2021,9.5,13,6
7/14/2021,10,13,7
7/15/2021,10.5,14,7
7/16/2021,9.5,13,6
7/17/2021,9.5,13,6
7/18/2021,9,12,6
7/19/2021,8,12,4
7/20/2021,8.5,12,5
7/21/2021,8.5,11,6
7/22/2021,8.5,11,6
7/23/2021,11.5,14,9
7/24/2021,12,16,8
7/25/2021,14.5,18,11
7/26/2021,13.5,16,11
7/27/2021,12.5,16,9
7/28/2021,13.5,16,11
7/29/2021,15.5,18,13
7/30/2021,15,19,11
7/31/2021,14,17,11
8/1/2021,14,18,10
8/2/2021,16,19,13
8/3/2021,13,17,9
8/4/2021,13.5,16,11
8/5/2021,11.5,14,9
8/6/2021,12,15,9
8/7/2021,13.5,15,12
8/8/2021,14.5,17,12
8/9/2021,16,19,13
8/10/2021,20,23,17
8/11/2021,16.5,19,14
8/12/2021,16,18,14
8/13/2021,12.5,15,10
8/14/2021,9,12,6
8/15/2021,9,12,6
8/16/2021,9.5,12,7
8/17/2021,11,13,9
8/18/2021,12,16,8
8/19/2021,11.5,14,9
8/20/2021,10,13,7
8/21/2021,12,15,9
8/22/2021,10.5,13,8
8/23/2021,12,15,9
8/24/2021,10.5,13,8
8/25/2021,9,11,7
8/26/2021,10.5,13,8
8/27/2021,10,13,7
8/28/2021,10,13,7
8/29/2021,8.5,11,6
8/30/2021,10.5,13,8
8/31/2021,11.5,14,9
9/1/2021,14,17,11
9/2/2021,15,17,13
9/3/2021,14.5,17,12
9/4/2021,8.5,11,6
9/5/2021,10,13,7
9/6/2021,10,13,7
9/7/2021,9,12,6
9/8/2021,11,14,8
9/9/2021,11.5,14,9
9/10/2021,8,11,5
9/11/2021,9,12,6
9/12/2021,8.5,12,5
9/13/2021,12,14,10
9/14/2021,13,17,9
9/15/2021,12,14,10
9/16/2021,9,11,7
9/17/2021,9,12,6
9/18/2021,9.5,11,8
9/19/2021,12,14,10
9/20/2021,11,14,8
9/21/2021,10.5,13,8
9/22/2021,8,11,5
9/23/2021,9,12,6
9/24/2021,9.5,12,7
9/25/2021,10.5,13,8
9/26/2021,5,NaN,5
9/27/2021,8,11,5
9/28/2021,9,12,6
9/29/2021,12.5,15,10
9/30/2021,13.5,16,11
10/1/2021,12.5,16,9
10/2/2021,11,14,8
10/3/2021,9.5,13,6
10/4/2021,12,15,9
10/5/2021,13.5,16,11
10/6/2021,13,16,10
10/7/2021,13.5,16,11
10/8/2021,16,19,13
10/9/2021,20.5,24,17
10/10/2021,20,24,16
10/11/2021,10.5,14,7
10/12/2021,8,11,5
10/13/2021,10,12,8
10/14/2021,14.5,17,12
10/15/2021,9.5,12,7
10/16/2021,6.5,9,4
10/17/2021,7.5,10,5
10/18/2021,9.5,13,6
10/19/2021,11,13,9
10/20/2021,12,14,10
10/21/2021,10,12,8
10/22/2021,8.5,12,5
10/23/2021,5,NaN,5
10/24/2021,8.5,10,7
10/25/2021,12.5,15,10
10/26/2021,17,19,15
10/27/2021,19.5,23,16
10/28/2021,13.5,15,12
10/29/2021,15.5,18,13
10/30/2021,12,15,9
10/31/2021,10.5,14,7
11/1/2021,9,12,6
11/2/2021,9,12,6
11/3/2021,11.5,15,8
11/4/2021,14,16,12
11/5/2021,13,17,9
11/6/2021,14.5,17,12
11/7/2021,16,18,14
11/8/2021,17.5,20,15
11/9/2021,19.5,23,16
11/10/2021,17,19,15
11/11/2021,17,20,14
11/12/2021,17,20,14
11/13/2021,15.5,19,12
11/14/2021,19,21,17
11/15/2021,23,25,21
11/16/2021,21.5,24,19
11/17/2021,19.5,23,16
11/18/2021,21.5,24,19
11/19/2021,24,27,21
11/20/2021,21,22,20
11/21/2021,12.5,16,9
11/22/2021,17.5,21,14
11/23/2021,19.5,22,17
11/24/2021,14.5,18,11
11/25/2021,18,21,15
11/26/2021,20.5,23,18
11/27/2021,16.5,21,12
11/28/2021,12,15,9
11/29/2021,17.5,21,14
11/30/2021,16,19,13
12/1/2021,18.5,22,15
12/2/2021,21,25,17
12/3/2021,21.5,25,18
12/4/2021,23.5,26,21
12/5/2021,24,27,21
12/6/2021,28,29,27
12/7/2021,35.5,36,35
12/8/2021,36.5,38,35
12/9/2021,28.5,31,26
12/10/2021,22,24,20
12/11/2021,22.5,24,21
12/12/2021,23.5,25,22
12/13/2021,24,26,22
12/14/2021,23,25,21
12/15/2021,24,27,21
12/16/2021,23,25,21
12/17/2021,19.5,22,17
12/18/2021,23,25,21
12/19/2021,27,30,24
12/20/2021,29,32,26
12/21/2021,32.5,34,31
12/22/2021,31,33,29
12/23/2021,32,34,30
12/24/2021,32.5,34,31
12/25/2021,35,38,32
12/26/2021,36,38,34
12/27/2021,27.5,29,26
12/28/2021,24,25,23
12/29/2021,19,21,17
12/30/2021,19,21,17
12/31/2021,20,22,18
