date,avg
1/1/2012,19
1/2/2012,15
1/3/2012,16
1/4/2012,15
1/5/2012,18
1/6/2012,17
1/7/2012,17
1/8/2012,21
1/9/2012,23
1/10/2012,19
1/11/2012,18
1/12/2012,20
1/13/2012,26
1/14/2012,24
1/15/2012,16
1/16/2012,17
1/17/2012,19
1/18/2012,20
1/19/2012,17
1/20/2012,20
1/21/2012,14
1/22/2012,13
1/23/2012,13
1/24/2012,14
1/25/2012,14
1/26/2012,14
1/27/2012,16
1/28/2012,16
1/29/2012,21
1/30/2012,21
1/31/2012,27
2/1/2012,28
2/2/2012,25
2/3/2012,27
2/4/2012,22
2/5/2012,21
2/6/2012,22
2/7/2012,25
2/8/2012,28
2/9/2012,34
2/10/2012,29
2/11/2012,29
2/12/2012,27
2/13/2012,23
2/14/2012,29
2/15/2012,45
2/16/2012,41
2/17/2012,88
2/18/2012,97
2/19/2012,52
2/20/2012,48
2/21/2012,51
2/22/2012,53
2/23/2012,75
2/24/2012,82
2/25/2012,122
2/26/2012,117
2/27/2012,81
2/28/2012,79
2/29/2012,83
3/1/2012,89
3/2/2012,100
3/3/2012,86
3/4/2012,74
3/5/2012,85
3/6/2012,105
3/7/2012,120
3/8/2012,120
3/9/2012,147
3/10/2012,110
3/11/2012,34
3/12/2012,34
3/13/2012,31
3/14/2012,29
3/15/2012,38
3/16/2012,40
3/17/2012,66
3/18/2012,120
3/19/2012,127
3/20/2012,104
3/21/2012,85
3/22/2012,74
3/23/2012,73
3/24/2012,67
3/25/2012,60
3/26/2012,50
3/27/2012,46
3/28/2012,51
3/29/2012,64
3/30/2012,72
3/31/2012,90
4/1/2012,58
4/2/2012,55
4/3/2012,58
4/4/2012,68
4/5/2012,31
4/6/2012,31
4/7/2012,16
4/8/2012,23
4/9/2012,24
4/10/2012,27
4/11/2012,29
4/12/2012,36
4/13/2012,46
4/14/2012,43
4/15/2012,44
4/16/2012,39
4/17/2012,36
4/18/2012,38
4/19/2012,38
4/20/2012,36
4/21/2012,48
4/22/2012,48
4/23/2012,40
4/24/2012,42
4/25/2012,49
4/26/2012,56
4/27/2012,42
4/28/2012,36
4/29/2012,22
4/30/2012,19
5/1/2012,18
5/2/2012,22
5/3/2012,28
5/4/2012,23
5/5/2012,14
5/6/2012,8
5/7/2012,10
5/8/2012,16
5/9/2012,23
5/10/2012,22
5/11/2012,31
5/12/2012,29
5/13/2012,28
5/14/2012,28
5/15/2012,28
5/16/2012,30.83123778
5/17/2012,25
5/18/2012,19
5/19/2012,21
5/20/2012,21
5/21/2012,16
5/22/2012,20
5/23/2012,25
5/24/2012,21
5/25/2012,30
5/26/2012,24
5/27/2012,18
5/28/2012,16
5/29/2012,12
5/30/2012,11
5/31/2012,15
6/1/2012,16
6/2/2012,21
6/3/2012,24
6/4/2012,20
6/5/2012,23
6/6/2012,25
6/7/2012,21
6/8/2012,16
6/9/2012,12
6/10/2012,11
6/11/2012,14
6/12/2012,15
6/13/2012,18
6/14/2012,20
6/15/2012,22
6/16/2012,24
6/17/2012,15
6/18/2012,11
6/19/2012,11
6/20/2012,13
6/21/2012,11
6/22/2012,14
6/23/2012,16
6/24/2012,14
6/25/2012,14
6/26/2012,12
6/27/2012,14
6/28/2012,10
6/29/2012,13
6/30/2012,13
7/1/2012,14
7/2/2012,15
7/3/2012,16
7/4/2012,17
7/5/2012,15
7/6/2012,16
7/7/2012,10
7/8/2012,12
7/9/2012,14
7/10/2012,17
7/11/2012,16
7/12/2012,12
7/13/2012,14
7/14/2012,8
7/15/2012,8
7/16/2012,11
7/17/2012,13
7/18/2012,13
7/19/2012,12
7/20/2012,12
7/21/2012,21
7/22/2012,13
7/23/2012,20
7/24/2012,10
7/25/2012,14
7/26/2012,17
7/27/2012,21
7/28/2012,15
7/29/2012,18
7/30/2012,15
7/31/2012,16
8/1/2012,17
8/2/2012,17
8/3/2012,13
8/4/2012,14
8/5/2012,16
8/6/2012,19
8/7/2012,16
8/8/2012,19
8/9/2012,14
8/10/2012,18
8/11/2012,16
8/12/2012,12
8/13/2012,16
8/14/2012,13
8/15/2012,22
8/16/2012,17
8/17/2012,15
8/18/2012,16
8/19/2012,17
8/20/2012,16
8/21/2012,12
8/22/2012,19
8/23/2012,12
8/24/2012,12
8/25/2012,15
8/26/2012,11
8/27/2012,10
8/28/2012,14
8/29/2012,11
8/30/2012,10
8/31/2012,12
9/1/2012,11
9/2/2012,10
9/3/2012,13
9/4/2012,9
9/5/2012,15
9/6/2012,21
9/7/2012,13
9/8/2012,12
9/9/2012,14
9/10/2012,15
9/11/2012,14
9/12/2012,12
9/13/2012,14
9/14/2012,9
9/15/2012,8
9/16/2012,15
9/17/2012,16
9/18/2012,21
9/19/2012,18
9/20/2012,21
9/21/2012,19
9/22/2012,16
9/23/2012,16
9/24/2012,19
9/25/2012,20
9/26/2012,14
9/27/2012,16
9/28/2012,12
9/29/2012,19
9/30/2012,27
10/1/2012,32
10/2/2012,21
10/3/2012,17
10/4/2012,12
10/5/2012,14
10/6/2012,10
10/7/2012,16
10/8/2012,30
10/9/2012,29
10/10/2012,23
10/11/2012,24
10/12/2012,33
10/13/2012,26
10/14/2012,21
10/15/2012,30
10/16/2012,34
10/17/2012,34
10/18/2012,23
10/19/2012,24
10/20/2012,23
10/21/2012,18
10/22/2012,16
10/23/2012,17
10/24/2012,24
10/25/2012,20
10/26/2012,22
10/27/2012,19
10/28/2012,19
10/29/2012,23
10/30/2012,24
10/31/2012,17
11/1/2012,19
11/2/2012,29
11/3/2012,29
11/4/2012,19
11/5/2012,30.83123778
11/6/2012,30.83123778
11/7/2012,30.83123778
11/8/2012,30.83123778
11/9/2012,22
11/10/2012,21
11/11/2012,22
11/12/2012,26
11/13/2012,26
11/14/2012,19
11/15/2012,21
11/16/2012,22
11/17/2012,21
11/18/2012,23
11/19/2012,23
11/20/2012,18
11/21/2012,14
11/22/2012,21
11/23/2012,22
11/24/2012,30.83123778
11/25/2012,20
11/26/2012,21
11/27/2012,15
11/28/2012,30.83123778
11/29/2012,30.83123778
11/30/2012,26
12/1/2012,21
12/2/2012,10
12/3/2012,12
12/4/2012,18
12/5/2012,16
12/6/2012,24
12/7/2012,30.83123778
12/8/2012,25
12/9/2012,32
12/10/2012,28
12/11/2012,27
12/12/2012,30
12/13/2012,42
12/14/2012,30.83123778
12/15/2012,30.83123778
12/16/2012,30.83123778
12/17/2012,31
12/18/2012,31
12/19/2012,39
12/20/2012,40
12/21/2012,34
12/22/2012,35
12/23/2012,45
12/24/2012,43
12/25/2012,40
12/26/2012,40
12/27/2012,47
12/28/2012,40
12/29/2012,29
12/30/2012,40
12/31/2012,33
1/1/2013,38
1/2/2013,47
1/3/2013,40
1/4/2013,44
1/5/2013,41
1/6/2013,49
1/7/2013,46
1/8/2013,46
1/9/2013,49
1/10/2013,53
1/11/2013,55
1/12/2013,43
1/13/2013,38
1/14/2013,50
1/15/2013,41
1/16/2013,52
1/17/2013,53
1/18/2013,55
1/19/2013,46
1/20/2013,46
1/21/2013,44
1/22/2013,51
1/23/2013,44
1/24/2013,32
1/25/2013,33
1/26/2013,38
1/27/2013,49
1/28/2013,45
1/29/2013,43
1/30/2013,33
1/31/2013,30.83123778
2/1/2013,21
2/2/2013,25
2/3/2013,23
2/4/2013,28
2/5/2013,30
2/6/2013,29
2/7/2013,34
2/8/2013,46
2/9/2013,57
2/10/2013,65
2/11/2013,49
2/12/2013,52
2/13/2013,65
2/14/2013,67
2/15/2013,69
2/16/2013,68
2/17/2013,81
2/18/2013,49
2/19/2013,34
2/20/2013,51
2/21/2013,51
2/22/2013,65
2/23/2013,42
2/24/2013,45
2/25/2013,57
2/26/2013,76
2/27/2013,76
2/28/2013,30.83123778
3/1/2013,30.83123778
3/2/2013,30.83123778
3/3/2013,30.83123778
3/4/2013,30.83123778
3/5/2013,30.83123778
3/6/2013,30.83123778
3/7/2013,32
3/8/2013,30
3/9/2013,17
3/10/2013,28
3/11/2013,49
3/12/2013,56
3/13/2013,73
3/14/2013,100
3/15/2013,108
3/16/2013,102
3/17/2013,94
3/18/2013,74
3/19/2013,62
3/20/2013,112
3/21/2013,188
3/22/2013,141
3/23/2013,30.83123778
3/24/2013,30.83123778
3/25/2013,30.83123778
3/26/2013,30.83123778
3/27/2013,30.83123778
3/28/2013,120
3/29/2013,101
3/30/2013,101
3/31/2013,88
4/1/2013,82
4/2/2013,89
4/3/2013,102
4/4/2013,112
4/5/2013,77
4/6/2013,90
4/7/2013,30.83123778
4/8/2013,30.83123778
4/9/2013,30.83123778
4/10/2013,93
4/11/2013,84
4/12/2013,72
4/13/2013,48
4/14/2013,50
4/15/2013,41
4/16/2013,28
4/17/2013,61
4/18/2013,56
4/19/2013,61
4/20/2013,70
4/21/2013,50
4/22/2013,32
4/23/2013,24
4/24/2013,30
4/25/2013,27
4/26/2013,35
4/27/2013,41
4/28/2013,42
4/29/2013,49
4/30/2013,53
5/1/2013,54
5/2/2013,41
5/3/2013,30
5/4/2013,25
5/5/2013,26
5/6/2013,25
5/7/2013,21
5/8/2013,27
5/9/2013,27
5/10/2013,29
5/11/2013,28
5/12/2013,29
5/13/2013,31
5/14/2013,24
5/15/2013,21
5/16/2013,20
5/17/2013,25
5/18/2013,19
5/19/2013,25
5/20/2013,18
5/21/2013,33
5/22/2013,34
5/23/2013,26
5/24/2013,20
5/25/2013,17
5/26/2013,23
5/27/2013,25
5/28/2013,23
5/29/2013,23
5/30/2013,19
5/31/2013,22
6/1/2013,16
6/2/2013,20
6/3/2013,25
6/4/2013,18
6/5/2013,15
6/6/2013,21
6/7/2013,19
6/8/2013,18
6/9/2013,18
6/10/2013,18
6/11/2013,30.83123778
6/12/2013,27
6/13/2013,23
6/14/2013,28
6/15/2013,26
6/16/2013,32
6/17/2013,26
6/18/2013,31
6/19/2013,24
6/20/2013,23
6/21/2013,16
6/22/2013,18
6/23/2013,20
6/24/2013,21
6/25/2013,17
6/26/2013,25
6/27/2013,15
6/28/2013,21
6/29/2013,21
6/30/2013,21
7/1/2013,25
7/2/2013,18
7/3/2013,23
7/4/2013,18
7/5/2013,17
7/6/2013,20
7/7/2013,20
7/8/2013,21
7/9/2013,20
7/10/2013,18
7/11/2013,24
7/12/2013,23
7/13/2013,19
7/14/2013,16
7/15/2013,15
7/16/2013,24
7/17/2013,21
7/18/2013,23
7/19/2013,23
7/20/2013,22
7/21/2013,16
7/22/2013,20
7/23/2013,17
7/24/2013,18
7/25/2013,19
7/26/2013,21
7/27/2013,26
7/28/2013,24
7/29/2013,23
7/30/2013,18
7/31/2013,19
8/1/2013,27
8/2/2013,30
8/3/2013,23
8/4/2013,20
8/5/2013,22
8/6/2013,29
8/7/2013,21
8/8/2013,30
8/9/2013,25
8/10/2013,12
8/11/2013,15
8/12/2013,18
8/13/2013,19
8/14/2013,22
8/15/2013,21
8/16/2013,15
8/17/2013,19
8/18/2013,19
8/19/2013,26
8/20/2013,23
8/21/2013,19
8/22/2013,15
8/23/2013,21
8/24/2013,22
8/25/2013,20
8/26/2013,12
8/27/2013,24
8/28/2013,21
8/29/2013,18
8/30/2013,17
8/31/2013,17
9/1/2013,20
9/2/2013,12
9/3/2013,14
9/4/2013,15
9/5/2013,15
9/6/2013,11
9/7/2013,30.83123778
9/8/2013,13
9/9/2013,19
9/10/2013,19
9/11/2013,17
9/12/2013,17
9/13/2013,15
9/14/2013,16
9/15/2013,14
9/16/2013,13
9/17/2013,13
9/18/2013,21
9/19/2013,17
9/20/2013,23
9/21/2013,27
9/22/2013,24
9/23/2013,21
9/24/2013,21
9/25/2013,17
9/26/2013,23
9/27/2013,13
9/28/2013,17
9/29/2013,18
9/30/2013,17
10/1/2013,26
10/2/2013,22
10/3/2013,21
10/4/2013,21
10/5/2013,16
10/6/2013,27
10/7/2013,35
10/8/2013,30
10/9/2013,36
10/10/2013,41
10/11/2013,38
10/12/2013,35
10/13/2013,36
10/14/2013,33
10/15/2013,31
10/16/2013,48
10/17/2013,28
10/18/2013,13
10/19/2013,16
10/20/2013,20
10/21/2013,22
10/22/2013,28
10/23/2013,24
10/24/2013,21
10/25/2013,15
10/26/2013,22
10/27/2013,26
10/28/2013,40
10/29/2013,43
10/30/2013,37
10/31/2013,22
11/1/2013,43
11/2/2013,19
11/3/2013,31
11/4/2013,23
11/5/2013,20
11/6/2013,24
11/7/2013,22
11/8/2013,25
11/9/2013,32
11/10/2013,23
11/11/2013,19
11/12/2013,31
11/13/2013,20
11/14/2013,24
11/15/2013,24
11/16/2013,15
11/17/2013,18
11/18/2013,21
11/19/2013,20
11/20/2013,16
11/21/2013,32
11/22/2013,14
11/23/2013,33
11/24/2013,24
11/25/2013,22
11/26/2013,27
11/27/2013,36
11/28/2013,19
11/29/2013,22
11/30/2013,22
12/1/2013,23
12/2/2013,21
12/3/2013,26
12/4/2013,25
12/5/2013,31
12/6/2013,31
12/7/2013,35
12/8/2013,36
12/9/2013,40
12/10/2013,40
12/11/2013,50
12/12/2013,49
12/13/2013,68
12/14/2013,43
12/15/2013,31
12/16/2013,20
12/17/2013,21
12/18/2013,30
12/19/2013,30
12/20/2013,36
12/21/2013,33
12/22/2013,42
12/23/2013,53
12/24/2013,45
12/25/2013,46
12/26/2013,40
12/27/2013,51
12/28/2013,52
12/29/2013,51
12/30/2013,67
12/31/2013,61
1/1/2014,52
1/2/2014,39
1/3/2014,45
1/4/2014,42
1/5/2014,47
1/6/2014,40
1/7/2014,28
1/8/2014,29
1/9/2014,34
1/10/2014,33
1/11/2014,40
1/12/2014,35
1/13/2014,33
1/14/2014,36
1/15/2014,35
1/16/2014,35
1/17/2014,38
1/18/2014,33
1/19/2014,31
1/20/2014,41
1/21/2014,50
1/22/2014,46
1/23/2014,53
1/24/2014,46
1/25/2014,45
1/26/2014,41
1/27/2014,61
1/28/2014,63
1/29/2014,43
1/30/2014,46
1/31/2014,43
2/1/2014,34
2/2/2014,28
2/3/2014,27
2/4/2014,32
2/5/2014,32
2/6/2014,34
2/7/2014,31
2/8/2014,29
2/9/2014,31
2/10/2014,38
2/11/2014,46
2/12/2014,46
2/13/2014,38
2/14/2014,41
2/15/2014,34
2/16/2014,34
2/17/2014,31
2/18/2014,23
2/19/2014,32
2/20/2014,32
2/21/2014,56
2/22/2014,38
2/23/2014,36
2/24/2014,41
2/25/2014,30.83123778
2/26/2014,30.83123778
2/27/2014,30.83123778
2/28/2014,30.83123778
3/1/2014,30.83123778
3/2/2014,30.83123778
3/3/2014,30.83123778
3/4/2014,30.83123778
3/5/2014,30.83123778
3/6/2014,30.83123778
3/7/2014,30.83123778
3/8/2014,61
3/9/2014,62
3/10/2014,78
3/11/2014,79
3/12/2014,77
3/13/2014,73
3/14/2014,96
3/15/2014,104
3/16/2014,93
3/17/2014,107
3/18/2014,137
3/19/2014,109
3/20/2014,106
3/21/2014,188
3/22/2014,159
3/23/2014,47
3/24/2014,66
3/25/2014,62
3/26/2014,74
3/27/2014,111
3/28/2014,116
3/29/2014,97
3/30/2014,84
3/31/2014,89
4/1/2014,115
4/2/2014,119
4/3/2014,127
4/4/2014,92
4/5/2014,42
4/6/2014,52
4/7/2014,69
4/8/2014,57
4/9/2014,39
4/10/2014,51
4/11/2014,30.83123778
4/12/2014,55
4/13/2014,56
4/14/2014,43
4/15/2014,31
4/16/2014,38
4/17/2014,35
4/18/2014,42
4/19/2014,42
4/20/2014,47
4/21/2014,50
4/22/2014,39
4/23/2014,42
4/24/2014,48
4/25/2014,46
4/26/2014,34
4/27/2014,33
4/28/2014,37
4/29/2014,36
4/30/2014,39
5/1/2014,38
5/2/2014,34
5/3/2014,31
5/4/2014,33
5/5/2014,39
5/6/2014,31
5/7/2014,27
5/8/2014,30
5/9/2014,24
5/10/2014,32
5/11/2014,27
5/12/2014,28
5/13/2014,20
5/14/2014,25
5/15/2014,27
5/16/2014,27
5/17/2014,25
5/18/2014,25
5/19/2014,15
5/20/2014,23
5/21/2014,22
5/22/2014,23
5/23/2014,21
5/24/2014,23
5/25/2014,31
5/26/2014,21
5/27/2014,33
5/28/2014,32
5/29/2014,20
5/30/2014,19
5/31/2014,22
6/1/2014,16
6/2/2014,19
6/3/2014,17
6/4/2014,27
6/5/2014,26
6/6/2014,10
6/7/2014,19
6/8/2014,23
6/9/2014,19
6/10/2014,17
6/11/2014,21
6/12/2014,26
6/13/2014,17
6/14/2014,18
6/15/2014,22
6/16/2014,23
6/17/2014,20
6/18/2014,20
6/19/2014,17
6/20/2014,21
6/21/2014,24
6/22/2014,17
6/23/2014,23
6/24/2014,24
6/25/2014,18
6/26/2014,18
6/27/2014,19
6/28/2014,31
6/29/2014,25
6/30/2014,19
7/1/2014,22
7/2/2014,26
7/3/2014,19
7/4/2014,25
7/5/2014,16
7/6/2014,26
7/7/2014,20
7/8/2014,27
7/9/2014,21
7/10/2014,18
7/11/2014,18
7/12/2014,17
7/13/2014,17
7/14/2014,18
7/15/2014,24
7/16/2014,10
7/17/2014,19
7/18/2014,15
7/19/2014,30
7/20/2014,24
7/21/2014,28
7/22/2014,24
7/23/2014,30.83123778
7/24/2014,29
7/25/2014,25
7/26/2014,23
7/27/2014,22
7/28/2014,25
7/29/2014,23
7/30/2014,21
7/31/2014,16
8/1/2014,22
8/2/2014,17
8/3/2014,23
8/4/2014,22
8/5/2014,22
8/6/2014,19
8/7/2014,16
8/8/2014,30.83123778
8/9/2014,23
8/10/2014,22
8/11/2014,23
8/12/2014,17
8/13/2014,21
8/14/2014,27
8/15/2014,27
8/16/2014,23
8/17/2014,17
8/18/2014,22
8/19/2014,30.83123778
8/20/2014,22
8/21/2014,19
8/22/2014,10
8/23/2014,13
8/24/2014,11
8/25/2014,14
8/26/2014,13
8/27/2014,10
8/28/2014,10
8/29/2014,30.83123778
8/30/2014,30.83123778
8/31/2014,30.83123778
9/1/2014,30.83123778
9/2/2014,9
9/3/2014,6
9/4/2014,8
9/5/2014,9
9/6/2014,10
9/7/2014,30.83123778
9/8/2014,11
9/9/2014,15
9/10/2014,15
9/11/2014,15
9/12/2014,15
9/13/2014,16
9/14/2014,14
9/15/2014,15
9/16/2014,8
9/17/2014,10
9/18/2014,10
9/19/2014,30.83123778
9/20/2014,14
9/21/2014,13
9/22/2014,12
9/23/2014,15
9/24/2014,16
9/25/2014,10
9/26/2014,9
9/27/2014,11
9/28/2014,13
9/29/2014,15
9/30/2014,12
10/1/2014,16
10/2/2014,17
10/3/2014,18
10/4/2014,16
10/5/2014,11
10/6/2014,11
10/7/2014,27
10/8/2014,42
10/9/2014,43
10/10/2014,34
10/11/2014,25
10/12/2014,24
10/13/2014,35
10/14/2014,53
10/15/2014,48
10/16/2014,51
10/17/2014,45
10/18/2014,34
10/19/2014,30
10/20/2014,27
10/21/2014,26
10/22/2014,14
10/23/2014,11
10/24/2014,10
10/25/2014,14
10/26/2014,15
10/27/2014,18
10/28/2014,30.83123778
10/29/2014,14
10/30/2014,14
10/31/2014,20
11/1/2014,23
11/2/2014,19
11/3/2014,18
11/4/2014,18
11/5/2014,19
11/6/2014,17
11/7/2014,16
11/8/2014,13
11/9/2014,15
11/10/2014,16
11/11/2014,18
11/12/2014,19
11/13/2014,20
11/14/2014,20
11/15/2014,20
11/16/2014,24
11/17/2014,27
11/18/2014,25
11/19/2014,26
11/20/2014,28
11/21/2014,27
11/22/2014,30
11/23/2014,26
11/24/2014,30.83123778
11/25/2014,29
11/26/2014,32
11/27/2014,32
11/28/2014,31
11/29/2014,23
11/30/2014,20
12/1/2014,21
12/2/2014,28
12/3/2014,33
12/4/2014,39
12/5/2014,32
12/6/2014,27
12/7/2014,23
12/8/2014,24
12/9/2014,32
12/10/2014,27
12/11/2014,34
12/12/2014,36
12/13/2014,38
12/14/2014,38
12/15/2014,40
12/16/2014,34
12/17/2014,28
12/18/2014,39
12/19/2014,39
12/20/2014,36
12/21/2014,30
12/22/2014,31
12/23/2014,49
12/24/2014,46
12/25/2014,51
12/26/2014,37
12/27/2014,36
12/28/2014,29
12/29/2014,27
12/30/2014,31
12/31/2014,34
1/1/2015,36
1/2/2015,29
1/3/2015,42
1/4/2015,53
1/5/2015,50
1/6/2015,33
1/7/2015,34
1/8/2015,51
1/9/2015,23
1/10/2015,11
1/11/2015,10
1/12/2015,10
1/13/2015,15
1/14/2015,27
1/15/2015,34
1/16/2015,33
1/17/2015,48
1/18/2015,58
1/19/2015,62
1/20/2015,60
1/21/2015,44
1/22/2015,32
1/23/2015,27
1/24/2015,34
1/25/2015,30.83123778
1/26/2015,41
1/27/2015,45
1/28/2015,42
1/29/2015,46
1/30/2015,50
1/31/2015,60
2/1/2015,73
2/2/2015,63
2/3/2015,54
2/4/2015,47
2/5/2015,45
2/6/2015,52
2/7/2015,54
2/8/2015,59
2/9/2015,70
2/10/2015,65
2/11/2015,62
2/12/2015,61
2/13/2015,52
2/14/2015,50
2/15/2015,74
2/16/2015,76
2/17/2015,56
2/18/2015,56
2/19/2015,52
2/20/2015,47
2/21/2015,52
2/22/2015,73
2/23/2015,67
2/24/2015,56
2/25/2015,64
2/26/2015,56
2/27/2015,77
2/28/2015,96
3/1/2015,156
3/2/2015,30.83123778
3/3/2015,30.83123778
3/4/2015,80
3/5/2015,56
3/6/2015,92
3/7/2015,98
3/8/2015,103
3/9/2015,202
3/10/2015,256
3/11/2015,174
3/12/2015,129
3/13/2015,108
3/14/2015,92
3/15/2015,173
3/16/2015,266
3/17/2015,257
3/18/2015,160
3/19/2015,135
3/20/2015,155
3/21/2015,159
3/22/2015,64
3/23/2015,46
3/24/2015,38
3/25/2015,30
3/26/2015,22
3/27/2015,18
3/28/2015,23
3/29/2015,26
3/30/2015,42
3/31/2015,41
4/1/2015,52
4/2/2015,91
4/3/2015,84
4/4/2015,84
4/5/2015,115
4/6/2015,90
4/7/2015,95
4/8/2015,69
4/9/2015,48
4/10/2015,41
4/11/2015,56
4/12/2015,33
4/13/2015,20
4/14/2015,30
4/15/2015,42
4/16/2015,55
4/17/2015,45
4/18/2015,58
4/19/2015,60
4/20/2015,52
4/21/2015,56
4/22/2015,54
4/23/2015,30
4/24/2015,26
4/25/2015,19
4/26/2015,11
4/27/2015,8
4/28/2015,10
4/29/2015,10
4/30/2015,11
5/1/2015,13
5/2/2015,20
5/3/2015,17
5/4/2015,16
5/5/2015,13
5/6/2015,16
5/7/2015,46
5/8/2015,56
5/9/2015,43
5/10/2015,50
5/11/2015,60
5/12/2015,38
5/13/2015,41
5/14/2015,34
5/15/2015,24
5/16/2015,19
5/17/2015,14
5/18/2015,10
5/19/2015,30.83123778
5/20/2015,9
5/21/2015,11
5/22/2015,9
5/23/2015,10
5/24/2015,14
5/25/2015,21
5/26/2015,19
5/27/2015,15
5/28/2015,22
5/29/2015,20
5/30/2015,15
5/31/2015,12
6/1/2015,30.83123778
6/2/2015,14
6/3/2015,14
6/4/2015,30.83123778
6/5/2015,30.83123778
6/6/2015,12
6/7/2015,11
6/8/2015,15
6/9/2015,9
6/10/2015,30.83123778
6/11/2015,8
6/12/2015,11
6/13/2015,10
6/14/2015,11
6/15/2015,10
6/16/2015,10
6/17/2015,14
6/18/2015,14
6/19/2015,8
6/20/2015,11
6/21/2015,11
6/22/2015,12
6/23/2015,16
6/24/2015,15
6/25/2015,13
6/26/2015,11
6/27/2015,13
6/28/2015,10
6/29/2015,12
6/30/2015,15
7/1/2015,17
7/2/2015,16
7/3/2015,16
7/4/2015,16
7/5/2015,11
7/6/2015,12
7/7/2015,16
7/8/2015,15
7/9/2015,14
7/10/2015,22
7/11/2015,14
7/12/2015,14
7/13/2015,16
7/14/2015,13
7/15/2015,13
7/16/2015,13
7/17/2015,9
7/18/2015,11
7/19/2015,9
7/20/2015,16
7/21/2015,12
7/22/2015,11
7/23/2015,11
7/24/2015,10
7/25/2015,12
7/26/2015,10
7/27/2015,10
7/28/2015,10
7/29/2015,13
7/30/2015,10
7/31/2015,11
8/1/2015,11
8/2/2015,15
8/3/2015,15
8/4/2015,15
8/5/2015,10
8/6/2015,16
8/7/2015,16
8/8/2015,14
8/9/2015,10
8/10/2015,13
8/11/2015,13
8/12/2015,9
8/13/2015,9
8/14/2015,8
8/15/2015,12
8/16/2015,10
8/17/2015,11
8/18/2015,14
8/19/2015,12
8/20/2015,15
8/21/2015,9
8/22/2015,6
8/23/2015,9
8/24/2015,9
8/25/2015,13
8/26/2015,14
8/27/2015,11
8/28/2015,12
8/29/2015,30.83123778
8/30/2015,30.83123778
8/31/2015,12
9/1/2015,17
9/2/2015,19
9/3/2015,10
9/4/2015,12
9/5/2015,13
9/6/2015,9
9/7/2015,14
9/8/2015,11
9/9/2015,11
9/10/2015,15
9/11/2015,11
9/12/2015,9
9/13/2015,12
9/14/2015,14
9/15/2015,12
9/16/2015,20
9/17/2015,21
9/18/2015,9
9/19/2015,6
9/20/2015,13
9/21/2015,22
9/22/2015,19
9/23/2015,17
9/24/2015,12
9/25/2015,11
9/26/2015,14
9/27/2015,16
9/28/2015,14
9/29/2015,22
9/30/2015,23
10/1/2015,11
10/2/2015,11
10/3/2015,12
10/4/2015,17
10/5/2015,16
10/6/2015,12
10/7/2015,8
10/8/2015,9
10/9/2015,9
10/10/2015,9
10/11/2015,7
10/12/2015,8
10/13/2015,11
10/14/2015,12
10/15/2015,13
10/16/2015,17
10/17/2015,21
10/18/2015,18
10/19/2015,16
10/20/2015,12
10/21/2015,14
10/22/2015,18
10/23/2015,21
10/24/2015,24
10/25/2015,34
10/26/2015,36
10/27/2015,34
10/28/2015,31
10/29/2015,22
10/30/2015,20
10/31/2015,19
11/1/2015,19
11/2/2015,16
11/3/2015,9
11/4/2015,9
11/5/2015,16
11/6/2015,17
11/7/2015,17
11/8/2015,16
11/9/2015,20
11/10/2015,14
11/11/2015,14
11/12/2015,12
11/13/2015,11
11/14/2015,15
11/15/2015,16
11/16/2015,16
11/17/2015,14
11/18/2015,20
11/19/2015,21
11/20/2015,16
11/21/2015,15
11/22/2015,12
11/23/2015,18
11/24/2015,19
11/25/2015,25
11/26/2015,27
11/27/2015,27
11/28/2015,26
11/29/2015,24
11/30/2015,26
12/1/2015,25
12/2/2015,23
12/3/2015,20
12/4/2015,16
12/5/2015,11
12/6/2015,15
12/7/2015,30.83123778
12/8/2015,30.83123778
12/9/2015,19
12/10/2015,17
12/11/2015,28
12/12/2015,35
12/13/2015,32
12/14/2015,33
12/15/2015,34
12/16/2015,38
12/17/2015,33
12/18/2015,27
12/19/2015,32
12/20/2015,32
12/21/2015,41
12/22/2015,37
12/23/2015,23
12/24/2015,25
12/25/2015,26
12/26/2015,23
12/27/2015,20
12/28/2015,30
12/29/2015,29
12/30/2015,32
12/31/2015,25
1/1/2016,25
1/2/2016,25
1/3/2016,27
1/4/2016,26
1/5/2016,27
1/6/2016,38
1/7/2016,45
1/8/2016,45
1/9/2016,37
1/10/2016,30
1/11/2016,40
1/12/2016,44
1/13/2016,48
1/14/2016,44
1/15/2016,30
1/16/2016,27
1/17/2016,35
1/18/2016,42
1/19/2016,56
1/20/2016,58
1/21/2016,67
1/22/2016,30.83123778
1/23/2016,19
1/24/2016,30.83123778
1/25/2016,6
1/26/2016,6
1/27/2016,13
1/28/2016,27
1/29/2016,33
1/30/2016,32
1/31/2016,31
2/1/2016,25
2/2/2016,31
2/3/2016,34
2/4/2016,42
2/5/2016,45
2/6/2016,47
2/7/2016,32
2/8/2016,60
2/9/2016,66
2/10/2016,86
2/11/2016,93
2/12/2016,85
2/13/2016,85
2/14/2016,66
2/15/2016,80
2/16/2016,69
2/17/2016,72
2/18/2016,69
2/19/2016,59
2/20/2016,56
2/21/2016,70
2/22/2016,61
2/23/2016,62
2/24/2016,59
2/25/2016,40
2/26/2016,26
2/27/2016,16
2/28/2016,17
2/29/2016,20
3/1/2016,31
3/2/2016,52
3/3/2016,76
3/4/2016,57
3/5/2016,55
3/6/2016,74
3/7/2016,87
3/8/2016,57
3/9/2016,63
3/10/2016,74
3/11/2016,85
3/12/2016,80
3/13/2016,70
3/14/2016,80
3/15/2016,85
3/16/2016,55
3/17/2016,59
3/18/2016,63
3/19/2016,59
3/20/2016,86
3/21/2016,94
3/22/2016,58
3/23/2016,86
3/24/2016,95
3/25/2016,138
3/26/2016,98
3/27/2016,81
3/28/2016,63
3/29/2016,58
3/30/2016,75
3/31/2016,97
4/1/2016,62
4/2/2016,63
4/3/2016,85
4/4/2016,81
4/5/2016,70
4/6/2016,78
4/7/2016,99
4/8/2016,91
4/9/2016,67
4/10/2016,70
4/11/2016,73
4/12/2016,79
4/13/2016,70
4/14/2016,69
4/15/2016,69
4/16/2016,100
4/17/2016,114
4/18/2016,144
4/19/2016,104
4/20/2016,94
4/21/2016,103
4/22/2016,75
4/23/2016,53
4/24/2016,59
4/25/2016,67
4/26/2016,81
4/27/2016,111
4/28/2016,109
4/29/2016,53
4/30/2016,45
5/1/2016,30
5/2/2016,29
5/3/2016,42
5/4/2016,50
5/5/2016,49
5/6/2016,52
5/7/2016,53
5/8/2016,66
5/9/2016,60
5/10/2016,58
5/11/2016,65
5/12/2016,61
5/13/2016,49
5/14/2016,40
5/15/2016,34
5/16/2016,30
5/17/2016,22
5/18/2016,18
5/19/2016,19
5/20/2016,30.83123778
5/21/2016,9
5/22/2016,12
5/23/2016,17
5/24/2016,19
5/25/2016,30.83123778
5/26/2016,20
5/27/2016,22
5/28/2016,21
5/29/2016,14
5/30/2016,17
5/31/2016,13
6/1/2016,9
6/2/2016,8
6/3/2016,30.83123778
6/4/2016,9
6/5/2016,11
6/6/2016,8
6/7/2016,10
6/8/2016,9
6/9/2016,13
6/10/2016,11
6/11/2016,9
6/12/2016,13
6/13/2016,10
6/14/2016,9
6/15/2016,10
6/16/2016,9
6/17/2016,9
6/18/2016,10
6/19/2016,8
6/20/2016,11
6/21/2016,15
6/22/2016,7
6/23/2016,15
6/24/2016,14
6/25/2016,9
6/26/2016,7
6/27/2016,9
6/28/2016,12
6/29/2016,10
6/30/2016,9
7/1/2016,13
7/2/2016,13
7/3/2016,10
7/4/2016,13
7/5/2016,14
7/6/2016,20
7/7/2016,12
7/8/2016,8
7/9/2016,10
7/10/2016,9
7/11/2016,15
7/12/2016,19
7/13/2016,23
7/14/2016,18.5
7/15/2016,20
7/16/2016,24
7/17/2016,21.5
7/18/2016,20
7/19/2016,14.5
7/20/2016,15.5
7/21/2016,13.5
7/22/2016,14.5
7/23/2016,13
7/24/2016,16.5
7/25/2016,16
7/26/2016,17
7/27/2016,19
7/28/2016,15
7/29/2016,16.5
7/30/2016,13
7/31/2016,11.5
8/1/2016,12.5
8/2/2016,13.5
8/3/2016,13
8/4/2016,15.5
8/5/2016,15.5
8/6/2016,14.5
8/7/2016,14.5
8/8/2016,15.5
8/9/2016,15.5
8/10/2016,22.5
8/11/2016,21
8/12/2016,19.5
8/13/2016,17
8/14/2016,19.5
8/15/2016,21.5
8/16/2016,18
8/17/2016,22.5
8/18/2016,23.5
8/19/2016,29
8/20/2016,23.5
8/21/2016,25
8/22/2016,19.5
8/23/2016,13
8/24/2016,21
8/25/2016,10
8/26/2016,11
8/27/2016,14
8/28/2016,12.5
8/29/2016,12.5
8/30/2016,13
8/31/2016,11.5
9/1/2016,12.5
9/2/2016,14
9/3/2016,12
9/4/2016,15.5
9/5/2016,21
9/6/2016,20
9/7/2016,13
9/8/2016,15.5
9/9/2016,15
9/10/2016,16.5
9/11/2016,13
9/12/2016,12
9/13/2016,14.5
9/14/2016,14.5
9/15/2016,15
9/16/2016,11.5
9/17/2016,16.5
9/18/2016,12.5
9/19/2016,15.5
9/20/2016,17
9/21/2016,22
9/22/2016,34.5
9/23/2016,31.5
9/24/2016,26.5
9/25/2016,17
9/26/2016,14.5
9/27/2016,14.5
9/28/2016,16.5
9/29/2016,16
9/30/2016,16.5
10/1/2016,18
10/2/2016,17.5
10/3/2016,15
10/4/2016,17
10/5/2016,15.5
10/6/2016,14.5
10/7/2016,16
10/8/2016,23
10/9/2016,21.5
10/10/2016,21
10/11/2016,18.5
10/12/2016,12.5
10/13/2016,19.5
10/14/2016,27.5
10/15/2016,18
10/16/2016,14
10/17/2016,15
10/18/2016,23.5
10/19/2016,26
10/20/2016,26
10/21/2016,21
10/22/2016,18
10/23/2016,17.5
10/24/2016,19
10/25/2016,16.5
10/26/2016,15
10/27/2016,15.5
10/28/2016,13.5
10/29/2016,14.5
10/30/2016,15.5
10/31/2016,15.5
11/1/2016,13.5
11/2/2016,13
11/3/2016,14
11/4/2016,19
11/5/2016,19.5
11/6/2016,22.5
11/7/2016,25
11/8/2016,18
11/9/2016,11.5
11/10/2016,13.5
11/11/2016,12
11/12/2016,15
11/13/2016,17
11/14/2016,18.5
11/15/2016,17
11/16/2016,20.5
11/17/2016,24.5
11/18/2016,24
11/19/2016,23
11/20/2016,19
11/21/2016,18
11/22/2016,21.5
11/23/2016,25
11/24/2016,26.5
11/25/2016,24
11/26/2016,24
11/27/2016,20.5
11/28/2016,23.5
11/29/2016,27.5
11/30/2016,30
12/1/2016,31.5
12/2/2016,29.5
12/3/2016,29.5
12/4/2016,25.5
12/5/2016,27
12/6/2016,23.5
12/7/2016,40
12/8/2016,33.5
12/9/2016,36
12/10/2016,32
12/11/2016,36.5
12/12/2016,38.5
12/13/2016,33
12/14/2016,25
12/15/2016,25
12/16/2016,23
12/17/2016,14.5
12/18/2016,19
12/19/2016,26
12/20/2016,29
12/21/2016,28
12/22/2016,24
12/23/2016,25
12/24/2016,32
12/25/2016,31.5
12/26/2016,30.5
12/27/2016,32
12/28/2016,34
12/29/2016,30
12/30/2016,24
12/31/2016,24.5
1/1/2017,30
1/2/2017,30.83123778
1/3/2017,13
1/4/2017,19
1/5/2017,30.83123778
1/6/2017,13
1/7/2017,18.5
1/8/2017,25.5
1/9/2017,28
1/10/2017,20
1/11/2017,12
1/12/2017,15
1/13/2017,17.5
1/14/2017,20
1/15/2017,22.5
1/16/2017,25.5
1/17/2017,30.5
1/18/2017,31
1/19/2017,34.5
1/20/2017,29.5
1/21/2017,31.5
1/22/2017,24
1/23/2017,26.5
1/24/2017,27.5
1/25/2017,25.5
1/26/2017,22.5
1/27/2017,26.5
1/28/2017,28
1/29/2017,33.5
1/30/2017,34
1/31/2017,46
2/1/2017,45
2/2/2017,38.5
2/3/2017,32.5
2/4/2017,31.5
2/5/2017,31
2/6/2017,40.5
2/7/2017,45.5
2/8/2017,42
2/9/2017,43.5
2/10/2017,45
2/11/2017,53
2/12/2017,57
2/13/2017,54.5
2/14/2017,58.5
2/15/2017,55
2/16/2017,49
2/17/2017,45.5
2/18/2017,45
2/19/2017,53
2/20/2017,55.5
2/21/2017,43.5
2/22/2017,42.5
2/23/2017,31.5
2/24/2017,38.5
2/25/2017,40
2/26/2017,49.5
2/27/2017,45
2/28/2017,43.5
3/1/2017,45.5
3/2/2017,54
3/3/2017,72.5
3/4/2017,54.5
3/5/2017,59
3/6/2017,60.5
3/7/2017,60.5
3/8/2017,66.5
3/9/2017,44.5
3/10/2017,43
3/11/2017,39.5
3/12/2017,36.5
3/13/2017,40
3/14/2017,52
3/15/2017,52
3/16/2017,48
3/17/2017,54.5
3/18/2017,56
3/19/2017,48.5
3/20/2017,94.5
3/21/2017,75
3/22/2017,67.5
3/23/2017,106
3/24/2017,103
3/25/2017,62
3/26/2017,57.5
3/27/2017,38.5
3/28/2017,39
3/29/2017,47.5
3/30/2017,43
3/31/2017,52.5
4/1/2017,53.5
4/2/2017,17
4/3/2017,34
4/4/2017,45
4/5/2017,53
4/6/2017,66
4/7/2017,73.5
4/8/2017,82
4/9/2017,79
4/10/2017,60
4/11/2017,59
4/12/2017,73.5
4/13/2017,56.5
4/14/2017,22.5
4/15/2017,20.5
4/16/2017,19
4/17/2017,18.5
4/18/2017,18
4/19/2017,27.5
4/20/2017,31
4/21/2017,45.5
4/22/2017,64
4/23/2017,68.5
4/24/2017,66.5
4/25/2017,64
4/26/2017,62
4/27/2017,71
4/28/2017,62.5
4/29/2017,19.5
4/30/2017,23
5/1/2017,38.5
5/2/2017,37
5/3/2017,37
5/4/2017,41.5
5/5/2017,28
5/6/2017,17
5/7/2017,22
5/8/2017,23
5/9/2017,31
5/10/2017,26
5/11/2017,19
5/12/2017,18.5
5/13/2017,14.5
5/14/2017,6
5/15/2017,8.5
5/16/2017,9.5
5/17/2017,5
5/18/2017,7
5/19/2017,12.5
5/20/2017,23
5/21/2017,28
5/22/2017,34
5/23/2017,26.5
5/24/2017,21.5
5/25/2017,27
5/26/2017,14
5/27/2017,14.5
5/28/2017,17.5
5/29/2017,19
5/30/2017,18.5
5/31/2017,16.5
6/1/2017,20.5
6/2/2017,19
6/3/2017,16
6/4/2017,11
6/5/2017,18.5
6/6/2017,22
6/7/2017,18
6/8/2017,11
6/9/2017,11
6/10/2017,11
6/11/2017,14
6/12/2017,16
6/13/2017,15
6/14/2017,11.5
6/15/2017,12.5
6/16/2017,22
6/17/2017,16
6/18/2017,9
6/19/2017,12
6/20/2017,11
6/21/2017,14
6/22/2017,11
6/23/2017,13
6/24/2017,13
6/25/2017,8
6/26/2017,15.5
6/27/2017,13.5
6/28/2017,10.5
6/29/2017,10.5
6/30/2017,14
7/1/2017,13.5
7/2/2017,15.5
7/3/2017,17.5
7/4/2017,20
7/5/2017,18
7/6/2017,12.5
7/7/2017,13
7/8/2017,12.5
7/9/2017,15
7/10/2017,12.5
7/11/2017,13.5
7/12/2017,11
7/13/2017,12
7/14/2017,16
7/15/2017,12
7/16/2017,12
7/17/2017,13.5
7/18/2017,12
7/19/2017,13
7/20/2017,14
7/21/2017,13.5
7/22/2017,13
7/23/2017,12
7/24/2017,13.5
7/25/2017,16
7/26/2017,12
7/27/2017,12
7/28/2017,12
7/29/2017,12
7/30/2017,12
7/31/2017,12.5
8/1/2017,14
8/2/2017,13.5
8/3/2017,14.5
8/4/2017,14
8/5/2017,15
8/6/2017,13.5
8/7/2017,13.5
8/8/2017,12.5
8/9/2017,12
8/10/2017,13
8/11/2017,14
8/12/2017,12.5
8/13/2017,12.5
8/14/2017,16
8/15/2017,14
8/16/2017,13.5
8/17/2017,13.5
8/18/2017,12
8/19/2017,13
8/20/2017,11
8/21/2017,12
8/22/2017,13
8/23/2017,11.5
8/24/2017,15
8/25/2017,20
8/26/2017,11.5
8/27/2017,9.5
8/28/2017,11.5
8/29/2017,13
8/30/2017,11.5
8/31/2017,10.5
9/1/2017,30.83123778
9/2/2017,10.5
9/3/2017,11.5
9/4/2017,13
9/5/2017,12
9/6/2017,13
9/7/2017,7.5
9/8/2017,9.5
9/9/2017,11
9/10/2017,12.5
9/11/2017,12.5
9/12/2017,12
9/13/2017,12.5
9/14/2017,13
9/15/2017,13
9/16/2017,14.5
9/17/2017,9
9/18/2017,9
9/19/2017,10.5
9/20/2017,11
9/21/2017,13
9/22/2017,12
9/23/2017,16.5
9/24/2017,17.5
9/25/2017,18
9/26/2017,12.5
9/27/2017,12.5
9/28/2017,15
9/29/2017,12
9/30/2017,13.5
10/1/2017,17
10/2/2017,16.5
10/3/2017,13
10/4/2017,10
10/5/2017,9.5
10/6/2017,11.5
10/7/2017,12
10/8/2017,10
10/9/2017,10
10/10/2017,13
10/11/2017,10.5
10/12/2017,10.5
10/13/2017,10.5
10/14/2017,14
10/15/2017,12
10/16/2017,10
10/17/2017,12
10/18/2017,11.5
10/19/2017,14.5
10/20/2017,14
10/21/2017,13.5
10/22/2017,15
10/23/2017,17
10/24/2017,17
10/25/2017,16
10/26/2017,16.5
10/27/2017,15
10/28/2017,16.5
10/29/2017,19.5
10/30/2017,29.5
10/31/2017,31
11/1/2017,31
11/2/2017,27
11/3/2017,27
11/4/2017,38.5
11/5/2017,32
11/6/2017,31
11/7/2017,25.5
11/8/2017,18.5
11/9/2017,16
11/10/2017,14.5
11/11/2017,14.5
11/12/2017,14
11/13/2017,18.5
11/14/2017,20.5
11/15/2017,20.5
11/16/2017,21
11/17/2017,22
11/18/2017,18
11/19/2017,20
11/20/2017,24
11/21/2017,23
11/22/2017,20
11/23/2017,20.5
11/24/2017,21
11/25/2017,19
11/26/2017,16.5
11/27/2017,21
11/28/2017,27.5
11/29/2017,21
11/30/2017,21
12/1/2017,19.5
12/2/2017,19.5
12/3/2017,20.5
12/4/2017,27
12/5/2017,29
12/6/2017,28
12/7/2017,32.5
12/8/2017,34
12/9/2017,41
12/10/2017,36
12/11/2017,26
12/12/2017,22
12/13/2017,20.5
12/14/2017,17.5
12/15/2017,22.5
12/16/2017,24
12/17/2017,28
12/18/2017,25
12/19/2017,28.5
12/20/2017,31.5
12/21/2017,33
12/22/2017,32.5
12/23/2017,37
12/24/2017,29
12/25/2017,24.5
12/26/2017,37.5
12/27/2017,30.5
12/28/2017,13
12/29/2017,17
12/30/2017,18.5
12/31/2017,17.5
1/1/2018,23.5
1/2/2018,28
1/3/2018,22
1/4/2018,25.5
1/5/2018,22.5
1/6/2018,34.5
1/7/2018,35.5
1/8/2018,30.5
1/9/2018,24
1/10/2018,22.5
1/11/2018,33.5
1/12/2018,21
1/13/2018,20
1/14/2018,29
1/15/2018,35
1/16/2018,38
1/17/2018,36.5
1/18/2018,32
1/19/2018,30
1/20/2018,34.5
1/21/2018,37.5
1/22/2018,28
1/23/2018,29
1/24/2018,21
1/25/2018,23
1/26/2018,22.5
1/27/2018,28
1/28/2018,26.5
1/29/2018,28.5
1/30/2018,25
1/31/2018,31
2/1/2018,30.5
2/2/2018,34
2/3/2018,53.5
2/4/2018,55
2/5/2018,59
2/6/2018,69.5
2/7/2018,60
2/8/2018,54.5
2/9/2018,50
2/10/2018,43.5
2/11/2018,44.5
2/12/2018,56.5
2/13/2018,67.5
2/14/2018,65.5
2/15/2018,51.5
2/16/2018,35.5
2/17/2018,39
2/18/2018,46
2/19/2018,55
2/20/2018,57
2/21/2018,58
2/22/2018,44
2/23/2018,40
2/24/2018,43
2/25/2018,39.5
2/26/2018,51.5
2/27/2018,48
2/28/2018,75
3/1/2018,80.5
3/2/2018,73
3/3/2018,57.5
3/4/2018,59
3/5/2018,66.5
3/6/2018,90
3/7/2018,66.5
3/8/2018,101
3/9/2018,72.5
3/10/2018,38.5
3/11/2018,57.5
3/12/2018,52.5
3/13/2018,47
3/14/2018,63.5
3/15/2018,74
3/16/2018,84.5
3/17/2018,87.5
3/18/2018,96
3/19/2018,70
3/20/2018,59.5
3/21/2018,82.5
3/22/2018,76.5
3/23/2018,70.5
3/24/2018,66
3/25/2018,74
3/26/2018,70.5
3/27/2018,58.5
3/28/2018,75.5
3/29/2018,106
3/30/2018,106
3/31/2018,72
4/1/2018,46
4/2/2018,52
4/3/2018,34
4/4/2018,42
4/5/2018,35
4/6/2018,27
4/7/2018,21.5
4/8/2018,16
4/9/2018,26
4/10/2018,42
4/11/2018,74
4/12/2018,69
4/13/2018,73.5
4/14/2018,87.5
4/15/2018,85
4/16/2018,62.5
4/17/2018,33
4/18/2018,26
4/19/2018,34.5
4/20/2018,48
4/21/2018,56.5
4/22/2018,78
4/23/2018,74
4/24/2018,83.5
4/25/2018,70
4/26/2018,44.5
4/27/2018,37.5
4/28/2018,33
4/29/2018,23.5
4/30/2018,21
5/1/2018,17
5/2/2018,10
5/3/2018,11.5
5/4/2018,15
5/5/2018,16.5
5/6/2018,23.5
5/7/2018,34.5
5/8/2018,39
5/9/2018,41
5/10/2018,34
5/11/2018,27
5/12/2018,25
5/13/2018,23
5/14/2018,23
5/15/2018,26
5/16/2018,26.5
5/17/2018,20.5
5/18/2018,15.5
5/19/2018,20.5
5/20/2018,22.5
5/21/2018,24.5
5/22/2018,15
5/23/2018,18
5/24/2018,12.5
5/25/2018,12.5
5/26/2018,14
5/27/2018,9
5/28/2018,11.5
5/29/2018,10.5
5/30/2018,11
5/31/2018,11
6/1/2018,21.5
6/2/2018,20.5
6/3/2018,30
6/4/2018,27.5
6/5/2018,20
6/6/2018,13
6/7/2018,12
6/8/2018,10.5
6/9/2018,10.5
6/10/2018,10.5
6/11/2018,10
6/12/2018,9
6/13/2018,11.5
6/14/2018,15.5
6/15/2018,14.5
6/16/2018,20.5
6/17/2018,29
6/18/2018,34
6/19/2018,31
6/20/2018,20.5
6/21/2018,15
6/22/2018,15
6/23/2018,14
6/24/2018,13
6/25/2018,15.5
6/26/2018,12.5
6/27/2018,10.5
6/28/2018,10
6/29/2018,11.5
6/30/2018,14.5
7/1/2018,13.5
7/2/2018,13
7/3/2018,14.5
7/4/2018,13.5
7/5/2018,23.5
7/6/2018,14
7/7/2018,11.5
7/8/2018,15.5
7/9/2018,15
7/10/2018,14.5
7/11/2018,11
7/12/2018,11.5
7/13/2018,12
7/14/2018,15
7/15/2018,12
7/16/2018,8
7/17/2018,11
7/18/2018,11
7/19/2018,10.5
7/20/2018,13
7/21/2018,21.5
7/22/2018,18.5
7/23/2018,15.5
7/24/2018,16
7/25/2018,19
7/26/2018,19.5
7/27/2018,19.5
7/28/2018,15
7/29/2018,19
7/30/2018,20
7/31/2018,16.5
8/1/2018,17
8/2/2018,22
8/3/2018,20.5
8/4/2018,22
8/5/2018,19.5
8/6/2018,20
8/7/2018,16
8/8/2018,18.5
8/9/2018,18
8/10/2018,15
8/11/2018,14.5
8/12/2018,15
8/13/2018,11.5
8/14/2018,13
8/15/2018,18
8/16/2018,14
8/17/2018,19.5
8/18/2018,10.5
8/19/2018,11
8/20/2018,16
8/21/2018,16
8/22/2018,15
8/23/2018,15.5
8/24/2018,13
8/25/2018,12.5
8/26/2018,12.5
8/27/2018,10
8/28/2018,10.5
8/29/2018,13.5
8/30/2018,21
8/31/2018,18.5
9/1/2018,12.5
9/2/2018,13.5
9/3/2018,16.5
9/4/2018,13.5
9/5/2018,11
9/6/2018,14
9/7/2018,16
9/8/2018,12.5
9/9/2018,12.5
9/10/2018,13
9/11/2018,13
9/12/2018,14
9/13/2018,17
9/14/2018,11
9/15/2018,13
9/16/2018,15.5
9/17/2018,16.5
9/18/2018,9
9/19/2018,9
9/20/2018,8.5
9/21/2018,11.5
9/22/2018,14
9/23/2018,15.5
9/24/2018,14
9/25/2018,13.5
9/26/2018,11
9/27/2018,12
9/28/2018,12
9/29/2018,12
9/30/2018,12.5
10/1/2018,19
10/2/2018,15
10/3/2018,18
10/4/2018,27
10/5/2018,35
10/6/2018,35
10/7/2018,35
10/8/2018,35
10/9/2018,35
10/10/2018,29
10/11/2018,19
10/12/2018,25
10/13/2018,20
10/14/2018,22
10/15/2018,21
10/16/2018,23
10/17/2018,20
10/18/2018,20
10/19/2018,21
10/20/2018,24
10/21/2018,19
10/22/2018,15
10/23/2018,14
10/24/2018,15
10/25/2018,16
10/26/2018,19
10/27/2018,20
10/28/2018,22
10/29/2018,23
10/30/2018,20
10/31/2018,24
11/1/2018,27
11/2/2018,29
11/3/2018,31
11/4/2018,29
11/5/2018,28
11/6/2018,25
11/7/2018,23
11/8/2018,22
11/9/2018,19
11/10/2018,14
11/11/2018,12
11/12/2018,13
11/13/2018,14
11/14/2018,16
11/15/2018,16
11/16/2018,18
11/17/2018,21
11/18/2018,21
11/19/2018,23
11/20/2018,24
11/21/2018,22
11/22/2018,23
11/23/2018,24
11/24/2018,23
11/25/2018,23
11/26/2018,19
11/27/2018,19
11/28/2018,18
11/29/2018,23
11/30/2018,26
12/1/2018,23.5
12/2/2018,24.5
12/3/2018,24.5
12/4/2018,25.5
12/5/2018,22.5
12/6/2018,23.5
12/7/2018,32
12/8/2018,44
12/9/2018,33.5
12/10/2018,19
12/11/2018,20.5
12/12/2018,19
12/13/2018,13
12/14/2018,16
12/15/2018,17
12/16/2018,15.5
12/17/2018,11.5
12/18/2018,19
12/19/2018,25.5
12/20/2018,30
12/21/2018,20.5
12/22/2018,13
12/23/2018,12.5
12/24/2018,18.5
12/25/2018,19.5
12/26/2018,17
12/27/2018,21
12/28/2018,29
12/29/2018,30.5
12/30/2018,18.5
12/31/2018,20.5
1/1/2019,26.5
1/2/2019,19
1/3/2019,18.5
1/4/2019,18
1/5/2019,19
1/6/2019,19.5
1/7/2019,24.5
1/8/2019,20
1/9/2019,16.5
1/10/2019,20.5
1/11/2019,21
1/12/2019,22
1/13/2019,24
1/14/2019,21.5
1/15/2019,23.5
1/16/2019,16.5
1/17/2019,23.5
1/18/2019,29.5
1/19/2019,33.5
1/20/2019,28
1/21/2019,23.5
1/22/2019,28
1/23/2019,34
1/24/2019,27
1/25/2019,28.5
1/26/2019,28.5
1/27/2019,43.5
1/28/2019,44
1/29/2019,45.5
1/30/2019,47
1/31/2019,38.5
2/1/2019,40
2/2/2019,46
2/3/2019,29.5
2/4/2019,22.5
2/5/2019,19
2/6/2019,25
2/7/2019,25
2/8/2019,23
2/9/2019,24.5
2/10/2019,27.5
2/11/2019,38.5
2/12/2019,78
2/13/2019,73
2/14/2019,42
2/15/2019,42
2/16/2019,51
2/17/2019,40.5
2/18/2019,46
2/19/2019,56
2/20/2019,54
2/21/2019,59.5
2/22/2019,61
2/23/2019,67.5
2/24/2019,52
2/25/2019,50.5
2/26/2019,60.5
2/27/2019,62.5
2/28/2019,67.5
3/1/2019,49
3/2/2019,45.5
3/3/2019,45.5
3/4/2019,38
3/5/2019,27.5
3/6/2019,27.5
3/7/2019,35.5
3/8/2019,45.5
3/9/2019,38
3/10/2019,56
3/11/2019,86
3/12/2019,131.5
3/13/2019,120.5
3/14/2019,133.5
3/15/2019,152
3/16/2019,141
3/17/2019,101
3/18/2019,92.5
3/19/2019,59
3/20/2019,51
3/21/2019,55
3/22/2019,113
3/23/2019,219
3/24/2019,164
3/25/2019,109.5
3/26/2019,87.5
3/27/2019,76
3/28/2019,72.5
3/29/2019,119.5
3/30/2019,209
3/31/2019,100.5
4/1/2019,131
4/2/2019,132
4/3/2019,116
4/4/2019,121
4/5/2019,119.5
4/6/2019,102
4/7/2019,73.5
4/8/2019,64.5
4/9/2019,68.5
4/10/2019,78
4/11/2019,93.5
4/12/2019,97.5
4/13/2019,89
4/14/2019,66
4/15/2019,59
4/16/2019,61.5
4/17/2019,57.5
4/18/2019,42
4/19/2019,54
4/20/2019,58.5
4/21/2019,64.5
4/22/2019,46.5
4/23/2019,26.5
4/24/2019,35
4/25/2019,50.5
4/26/2019,46.5
4/27/2019,48.5
4/28/2019,49.5
4/29/2019,59.5
4/30/2019,56.5
5/1/2019,57
5/2/2019,62.5
5/3/2019,67
5/4/2019,50.5
5/5/2019,55.5
5/6/2019,57
5/7/2019,57
5/8/2019,54
5/9/2019,47
5/10/2019,44
5/11/2019,43.5
5/12/2019,34
5/13/2019,29.5
5/14/2019,22.5
5/15/2019,21
5/16/2019,32
5/17/2019,38.5
5/18/2019,42.5
5/19/2019,38
5/20/2019,37.5
5/21/2019,31
5/22/2019,14.5
5/23/2019,17.5
5/24/2019,24
5/25/2019,26
5/26/2019,24.5
5/27/2019,24
5/28/2019,21.5
5/29/2019,16
5/30/2019,11
5/31/2019,14.5
6/1/2019,14.5
6/2/2019,14.5
6/3/2019,10.5
6/4/2019,11.5
6/5/2019,12.5
6/6/2019,12.5
6/7/2019,12
6/8/2019,13.5
6/9/2019,13
6/10/2019,8.5
6/11/2019,10.5
6/12/2019,12.5
6/13/2019,13.5
6/14/2019,13.5
6/15/2019,19
6/16/2019,14.5
6/17/2019,12.5
6/18/2019,13.5
6/19/2019,14.5
6/20/2019,15
6/21/2019,15
6/22/2019,16.5
6/23/2019,18
6/24/2019,18
6/25/2019,15.5
6/26/2019,15
6/27/2019,9.5
6/28/2019,10.5
6/29/2019,9.5
6/30/2019,10.5
7/1/2019,12
7/2/2019,21
7/3/2019,17.5
7/4/2019,18
7/5/2019,9.5
7/6/2019,9.5
7/7/2019,11
7/8/2019,13.5
7/9/2019,15.5
7/10/2019,14
7/11/2019,13.5
7/12/2019,14.5
7/13/2019,13
7/14/2019,9.5
7/15/2019,11.5
7/16/2019,11.5
7/17/2019,11
7/18/2019,12.5
7/19/2019,12.5
7/20/2019,13
7/21/2019,10.5
7/22/2019,9.5
7/23/2019,11.5
7/24/2019,11
7/25/2019,11
7/26/2019,12
7/27/2019,13.5
7/28/2019,12.5
7/29/2019,11
7/30/2019,11.5
7/31/2019,14.5
8/1/2019,11.5
8/2/2019,11
8/3/2019,9.5
8/4/2019,13.5
8/5/2019,9.5
8/6/2019,10
8/7/2019,11.5
8/8/2019,11.5
8/9/2019,15.5
8/10/2019,13.5
8/11/2019,11
8/12/2019,13.5
8/13/2019,16.5
8/14/2019,18.5
8/15/2019,18
8/16/2019,15
8/17/2019,18.5
8/18/2019,14.5
8/19/2019,11.5
8/20/2019,12
8/21/2019,11.5
8/22/2019,9.5
8/23/2019,10
8/24/2019,7.5
8/25/2019,9.5
8/26/2019,12.5
8/27/2019,14
8/28/2019,11.5
8/29/2019,13.5
8/30/2019,13.5
8/31/2019,9.5
9/1/2019,8
9/2/2019,10
9/3/2019,9
9/4/2019,13
9/5/2019,11.5
9/6/2019,10.5
9/7/2019,10
9/8/2019,13
9/9/2019,14.5
9/10/2019,13
9/11/2019,12
9/12/2019,12
9/13/2019,9.5
9/14/2019,12
9/15/2019,15.5
9/16/2019,16.5
9/17/2019,17.5
9/18/2019,15
9/19/2019,13.5
9/20/2019,15
9/21/2019,16.5
9/22/2019,17
9/23/2019,20
9/24/2019,26
9/25/2019,31.5
9/26/2019,32
9/27/2019,26.5
9/28/2019,28.5
9/29/2019,33
9/30/2019,34.5
10/1/2019,23
10/2/2019,13.5
10/3/2019,15
10/4/2019,15.5
10/5/2019,16
10/6/2019,16.5
10/7/2019,15
10/8/2019,19
10/9/2019,19
10/10/2019,22
10/11/2019,11.5
10/12/2019,13.5
10/13/2019,14
10/14/2019,12.5
10/15/2019,13.5
10/16/2019,13
10/17/2019,14.5
10/18/2019,13.5
10/19/2019,17
10/20/2019,20.5
10/21/2019,22.5
10/22/2019,24.5
10/23/2019,20.5
10/24/2019,21.5
10/25/2019,23
10/26/2019,23.5
10/27/2019,18
10/28/2019,19
10/29/2019,16.5
10/30/2019,12
10/31/2019,14
11/1/2019,17
11/2/2019,15
11/3/2019,16
11/4/2019,18
11/5/2019,23.5
11/6/2019,25.5
11/7/2019,22.5
11/8/2019,22
11/9/2019,28.5
11/10/2019,38.5
11/11/2019,39
11/12/2019,35.5
11/13/2019,28.5
11/14/2019,19.5
11/15/2019,16.5
11/16/2019,20.5
11/17/2019,20
11/18/2019,16.5
11/19/2019,21.5
11/20/2019,24
11/21/2019,23.5
11/22/2019,25
11/23/2019,31.5
11/24/2019,29
11/25/2019,28
11/26/2019,25.5
11/27/2019,24.5
11/28/2019,22.5
11/29/2019,24
11/30/2019,26
12/1/2019,25
12/2/2019,26.5
12/3/2019,27
12/4/2019,30
12/5/2019,26
12/6/2019,25
12/7/2019,26
12/8/2019,28
12/9/2019,30
12/10/2019,33
12/11/2019,37
12/12/2019,42.5
12/13/2019,43
12/14/2019,40.5
12/15/2019,38.5
12/16/2019,39
12/17/2019,37.5
12/18/2019,32.5
12/19/2019,29
12/20/2019,37
12/21/2019,31
12/22/2019,27.5
12/23/2019,24.5
12/24/2019,31
12/25/2019,41
12/26/2019,36.5
12/27/2019,52
12/28/2019,70
12/29/2019,47
12/30/2019,31
12/31/2019,30.5
1/1/2020,28
1/2/2020,20
1/3/2020,21
1/4/2020,33
1/5/2020,58
1/6/2020,39
1/7/2020,29
1/8/2020,53.5
1/9/2020,58
1/10/2020,48
1/11/2020,35
1/12/2020,41
1/13/2020,83
1/14/2020,46.5
1/15/2020,34.5
1/16/2020,31
1/17/2020,38
1/18/2020,50
1/19/2020,39.5
1/20/2020,50.5
1/21/2020,54
1/22/2020,35
1/23/2020,29
1/24/2020,31
1/25/2020,35
1/26/2020,43.5
1/27/2020,42.5
1/28/2020,46.5
1/29/2020,43
1/30/2020,58
1/31/2020,67.5
2/1/2020,52
2/2/2020,38
2/3/2020,35
2/4/2020,40.5
2/5/2020,36.5
2/6/2020,42
2/7/2020,41
2/8/2020,47.5
2/9/2020,62
2/10/2020,53
2/11/2020,45
2/12/2020,38.5
2/13/2020,39
2/14/2020,32.5
2/15/2020,49
2/16/2020,78.5
2/17/2020,80.5
2/18/2020,76.5
2/19/2020,56.5
2/20/2020,55
2/21/2020,72
2/22/2020,55
2/23/2020,54.5
2/24/2020,56
2/25/2020,69
2/26/2020,70.5
2/27/2020,67.5
2/28/2020,77.5
2/29/2020,77
3/1/2020,57.5
3/2/2020,66.5
3/3/2020,59
3/4/2020,53
3/5/2020,43
3/6/2020,41.5
3/7/2020,42.5
3/8/2020,57.5
3/9/2020,57
3/10/2020,71.5
3/11/2020,63.5
3/12/2020,60
3/13/2020,116.5
3/14/2020,170
3/15/2020,146
3/16/2020,67
3/17/2020,71
3/18/2020,93
3/19/2020,145
3/20/2020,145.5
3/21/2020,89.5
3/22/2020,82.5
3/23/2020,97
3/24/2020,80.5
3/25/2020,96.5
3/26/2020,91
3/27/2020,98
3/28/2020,123
3/29/2020,117
3/30/2020,108.5
3/31/2020,86
4/1/2020,90
4/2/2020,101
4/3/2020,93.5
4/4/2020,125
4/5/2020,142
4/6/2020,125
4/7/2020,84
4/8/2020,92
4/9/2020,79.5
4/10/2020,66
4/11/2020,81
4/12/2020,89
4/13/2020,66
4/14/2020,38.5
4/15/2020,46
4/16/2020,46.5
4/17/2020,52
4/18/2020,55.5
4/19/2020,58.5
4/20/2020,60
4/21/2020,65.5
4/22/2020,58
4/23/2020,47.5
4/24/2020,42
4/25/2020,35
4/26/2020,18.5
4/27/2020,12
4/28/2020,11
4/29/2020,12.5
4/30/2020,16.5
5/1/2020,18.5
5/2/2020,14.5
5/3/2020,12
5/4/2020,17
5/5/2020,20
5/6/2020,29.5
5/7/2020,31.5
5/8/2020,23.5
5/9/2020,28
5/10/2020,23
5/11/2020,15.5
5/12/2020,15.5
5/13/2020,22
5/14/2020,19
5/15/2020,20.5
5/16/2020,22
5/17/2020,30.5
5/18/2020,27.5
5/19/2020,16
5/20/2020,15.5
5/21/2020,19.5
5/22/2020,31
5/23/2020,41
5/24/2020,42.5
5/25/2020,41
5/26/2020,32.5
5/27/2020,25
5/28/2020,15.5
5/29/2020,12.5
5/30/2020,10
5/31/2020,12
6/1/2020,16.5
6/2/2020,15.5
6/3/2020,16.5
6/4/2020,15
6/5/2020,12.5
6/6/2020,12.5
6/7/2020,9.5
6/8/2020,8.5
6/9/2020,8
6/10/2020,8.5
6/11/2020,9
6/12/2020,11.5
6/13/2020,10
6/14/2020,10.5
6/15/2020,11.5
6/16/2020,9
6/17/2020,9
6/18/2020,9
6/19/2020,9.5
6/20/2020,8.5
6/21/2020,10
6/22/2020,10
6/23/2020,9.5
6/24/2020,10
6/25/2020,9.5
6/26/2020,9
6/27/2020,8
6/28/2020,7.5
6/29/2020,9.5
6/30/2020,9
7/1/2020,8.5
7/2/2020,9
7/3/2020,9.5
7/4/2020,8.5
7/5/2020,8
7/6/2020,9.5
7/7/2020,13
7/8/2020,9
7/9/2020,8.5
7/10/2020,12
7/11/2020,10.5
7/12/2020,11
7/13/2020,9
7/14/2020,8
7/15/2020,9.5
7/16/2020,9
7/17/2020,8
7/18/2020,9
7/19/2020,10.5
7/20/2020,14
7/21/2020,9
7/22/2020,10
7/23/2020,10
7/24/2020,12.5
7/25/2020,12.5
7/26/2020,18
7/27/2020,14.5
7/28/2020,9
7/29/2020,11
7/30/2020,11.5
7/31/2020,11.5
8/1/2020,12
8/2/2020,15
8/3/2020,9
8/4/2020,8.5
8/5/2020,8
8/6/2020,12
8/7/2020,13
8/8/2020,9
8/9/2020,9.5
8/10/2020,13
8/11/2020,12
8/12/2020,11
8/13/2020,12.5
8/14/2020,8.5
8/15/2020,12.5
8/16/2020,14
8/17/2020,15
8/18/2020,15
8/19/2020,17.5
8/20/2020,15
8/21/2020,13
8/22/2020,9
8/23/2020,7.5
8/24/2020,12.5
8/25/2020,17.5
8/26/2020,13.5
8/27/2020,10.5
8/28/2020,14.5
8/29/2020,12
8/30/2020,12.5
8/31/2020,16
9/1/2020,16
9/2/2020,19
9/3/2020,21.5
9/4/2020,23.5
9/5/2020,21.5
9/6/2020,16.5
9/7/2020,15
9/8/2020,14
9/9/2020,8.5
9/10/2020,10.5
9/11/2020,30.83123778
9/12/2020,7
9/13/2020,12
9/14/2020,16
9/15/2020,12
9/16/2020,11.5
9/17/2020,12
9/18/2020,9.5
9/19/2020,11
9/20/2020,6.5
9/21/2020,8
9/22/2020,11
9/23/2020,9.5
9/24/2020,8
9/25/2020,9
9/26/2020,9
9/27/2020,11
9/28/2020,13.5
9/29/2020,14
9/30/2020,11
10/1/2020,10.5
10/2/2020,9.5
10/3/2020,11.5
10/4/2020,10.5
10/5/2020,11.5
10/6/2020,11
10/7/2020,12
10/8/2020,13.5
10/9/2020,12.5
10/10/2020,15
10/11/2020,13.5
10/12/2020,13.5
10/13/2020,14.5
10/14/2020,15.5
10/15/2020,11
10/16/2020,9
10/17/2020,7.5
10/18/2020,8
10/19/2020,7
10/20/2020,8
10/21/2020,10
10/22/2020,11.5
10/23/2020,12.5
10/24/2020,16
10/25/2020,18
10/26/2020,20.5
10/27/2020,16
10/28/2020,12.5
10/29/2020,12.5
10/30/2020,8
10/31/2020,10.5
11/1/2020,15
11/2/2020,17
11/3/2020,15.5
11/4/2020,17
11/5/2020,14.5
11/6/2020,15.5
11/7/2020,14
11/8/2020,13
11/9/2020,17
11/10/2020,24.5
11/11/2020,24
11/12/2020,21.5
11/13/2020,21
11/14/2020,19
11/15/2020,26
11/16/2020,25
11/17/2020,26
11/18/2020,23.5
11/19/2020,19
11/20/2020,20
11/21/2020,19.5
11/22/2020,20
11/23/2020,25
11/24/2020,24.5
11/25/2020,19.5
11/26/2020,21.5
11/27/2020,21.5
11/28/2020,21
11/29/2020,21.5
11/30/2020,25
12/1/2020,23.5
12/2/2020,25
12/3/2020,24
12/4/2020,26.5
12/5/2020,29.5
12/6/2020,35
12/7/2020,31.5
12/8/2020,28
12/9/2020,31
12/10/2020,28.5
12/11/2020,28
12/12/2020,29.5
12/13/2020,29
12/14/2020,24.5
12/15/2020,24
12/16/2020,28.5
12/17/2020,30
12/18/2020,26.5
12/19/2020,24.5
12/20/2020,19.5
12/21/2020,14.5
12/22/2020,17.5
12/23/2020,23
12/24/2020,27.5
12/25/2020,29.5
12/26/2020,31
12/27/2020,27
12/28/2020,20
12/29/2020,18
12/30/2020,24
12/31/2020,26
1/1/2021,28
1/2/2021,28
1/3/2021,35
1/4/2021,40.5
1/5/2021,42.5
1/6/2021,33
1/7/2021,30
1/8/2021,34.5
1/9/2021,32.5
1/10/2021,35.5
1/11/2021,42.5
1/12/2021,25
1/13/2021,26.5
1/14/2021,40.5
1/15/2021,54
1/16/2021,45
1/17/2021,47
1/18/2021,52
1/19/2021,45
1/20/2021,53
1/21/2021,57
1/22/2021,55
1/23/2021,56.5
1/24/2021,57
1/25/2021,46.5
1/26/2021,46
1/27/2021,51.5
1/28/2021,46
1/29/2021,55
1/30/2021,43
1/31/2021,34.5
2/1/2021,40.5
2/2/2021,30.5
2/3/2021,24
2/4/2021,37.5
2/5/2021,53.5
2/6/2021,65
2/7/2021,64
2/8/2021,44
2/9/2021,13.5
2/10/2021,15.5
2/11/2021,21.5
2/12/2021,29
2/13/2021,37.5
2/14/2021,38.5
2/15/2021,46
2/16/2021,46.5
2/17/2021,45
2/18/2021,55.5
2/19/2021,42.5
2/20/2021,35.5
2/21/2021,40.5
2/22/2021,35.5
2/23/2021,46
2/24/2021,59.5
2/25/2021,44
2/26/2021,51
2/27/2021,70
2/28/2021,75.5
3/1/2021,71
3/2/2021,68
3/3/2021,96.5
3/4/2021,71.5
3/5/2021,54
3/6/2021,88.5
3/7/2021,116.5
3/8/2021,108.5
3/9/2021,103.5
3/10/2021,110.5
3/11/2021,122.5
3/12/2021,100
3/13/2021,105.5
3/14/2021,91
3/15/2021,73
3/16/2021,64
3/17/2021,66.5
3/18/2021,73.5
3/19/2021,70.5
3/20/2021,69.5
3/21/2021,58
3/22/2021,54
3/23/2021,38
3/24/2021,43.5
3/25/2021,58
3/26/2021,53.5
3/27/2021,63.5
3/28/2021,65.5
3/29/2021,70.5
3/30/2021,90
3/31/2021,92
4/1/2021,86
4/2/2021,104.5
4/3/2021,100
4/4/2021,81
4/5/2021,75
4/6/2021,17
4/7/2021,15.5
4/8/2021,17.5
4/9/2021,26
4/10/2021,22.5
4/11/2021,16
4/12/2021,19.5
4/13/2021,21
4/14/2021,24
4/15/2021,27
4/16/2021,33
4/17/2021,21
4/18/2021,9.5
4/19/2021,17
4/20/2021,25
4/21/2021,33.5
4/22/2021,43.5
4/23/2021,52
4/24/2021,55
4/25/2021,37.5
4/26/2021,27.5
4/27/2021,20
4/28/2021,14
4/29/2021,12
4/30/2021,10.5
5/1/2021,12.5
5/2/2021,15
5/3/2021,16
5/4/2021,21
5/5/2021,21.5
5/6/2021,21.5
5/7/2021,16
5/8/2021,20.5
5/9/2021,16
5/10/2021,19.5
5/11/2021,14
5/12/2021,16
5/13/2021,14.5
5/14/2021,19
5/15/2021,24.5
5/16/2021,24.5
5/17/2021,29.5
5/18/2021,27
5/19/2021,24
5/20/2021,21.5
5/21/2021,25.5
5/22/2021,20.5
5/23/2021,11.5
5/24/2021,8
5/25/2021,13.5
5/26/2021,16.5
5/27/2021,20
5/28/2021,19
5/29/2021,15.5
5/30/2021,9.5
5/31/2021,9.5
6/1/2021,15
6/2/2021,22.5
6/3/2021,24
6/4/2021,22.5
6/5/2021,13
6/6/2021,16.5
6/7/2021,15.5
6/8/2021,14.5
6/9/2021,9
6/10/2021,8.5
6/11/2021,10
6/12/2021,11.5
6/13/2021,13
6/14/2021,11
6/15/2021,9
6/16/2021,9.5
6/17/2021,9
6/18/2021,9.5
6/19/2021,11
6/20/2021,15.5
6/21/2021,21
6/22/2021,15.5
6/23/2021,13.5
6/24/2021,11
6/25/2021,12
6/26/2021,11
6/27/2021,13
6/28/2021,10
6/29/2021,11.5
6/30/2021,12
7/1/2021,11
7/2/2021,10.5
7/3/2021,10
7/4/2021,10.5
7/5/2021,10.5
7/6/2021,11
7/7/2021,9.5
7/8/2021,10
7/9/2021,9
7/10/2021,8.5
7/11/2021,7
7/12/2021,8
7/13/2021,9.5
7/14/2021,10
7/15/2021,10.5
7/16/2021,9.5
7/17/2021,9.5
7/18/2021,9
7/19/2021,8
7/20/2021,8.5
7/21/2021,8.5
7/22/2021,8.5
7/23/2021,11.5
7/24/2021,12
7/25/2021,14.5
7/26/2021,13.5
7/27/2021,12.5
7/28/2021,13.5
7/29/2021,15.5
7/30/2021,15
7/31/2021,14
8/1/2021,14
8/2/2021,16
8/3/2021,13
8/4/2021,13.5
8/5/2021,11.5
8/6/2021,12
8/7/2021,13.5
8/8/2021,14.5
8/9/2021,16
8/10/2021,20
8/11/2021,16.5
8/12/2021,16
8/13/2021,12.5
8/14/2021,9
8/15/2021,9
8/16/2021,9.5
8/17/2021,11
8/18/2021,12
8/19/2021,11.5
8/20/2021,10
8/21/2021,12
8/22/2021,10.5
8/23/2021,12
8/24/2021,10.5
8/25/2021,9
8/26/2021,10.5
8/27/2021,10
8/28/2021,10
8/29/2021,8.5
8/30/2021,10.5
8/31/2021,11.5
9/1/2021,14
9/2/2021,15
9/3/2021,14.5
9/4/2021,8.5
9/5/2021,10
9/6/2021,10
9/7/2021,9
9/8/2021,11
9/9/2021,11.5
9/10/2021,8
9/11/2021,9
9/12/2021,8.5
9/13/2021,12
9/14/2021,13
9/15/2021,12
9/16/2021,9
9/17/2021,9
9/18/2021,9.5
9/19/2021,12
9/20/2021,11
9/21/2021,10.5
9/22/2021,8
9/23/2021,9
9/24/2021,9.5
9/25/2021,10.5
9/26/2021,5
9/27/2021,8
9/28/2021,9
9/29/2021,12.5
9/30/2021,13.5
10/1/2021,12.5
10/2/2021,11
10/3/2021,9.5
10/4/2021,12
10/5/2021,13.5
10/6/2021,13
10/7/2021,13.5
10/8/2021,16
10/9/2021,20.5
10/10/2021,20
10/11/2021,10.5
10/12/2021,8
10/13/2021,10
10/14/2021,14.5
10/15/2021,9.5
10/16/2021,6.5
10/17/2021,7.5
10/18/2021,9.5
10/19/2021,11
10/20/2021,12
10/21/2021,10
10/22/2021,8.5
10/23/2021,5
10/24/2021,8.5
10/25/2021,12.5
10/26/2021,17
10/27/2021,19.5
10/28/2021,13.5
10/29/2021,15.5
10/30/2021,12
10/31/2021,10.5
11/1/2021,9
11/2/2021,9
11/3/2021,11.5
11/4/2021,14
11/5/2021,13
11/6/2021,14.5
11/7/2021,16
11/8/2021,17.5
11/9/2021,19.5
11/10/2021,17
11/11/2021,17
11/12/2021,17
11/13/2021,15.5
11/14/2021,19
11/15/2021,23
11/16/2021,21.5
11/17/2021,19.5
11/18/2021,21.5
11/19/2021,24
11/20/2021,21
11/21/2021,12.5
11/22/2021,17.5
11/23/2021,19.5
11/24/2021,14.5
11/25/2021,18
11/26/2021,20.5
11/27/2021,16.5
11/28/2021,12
11/29/2021,17.5
11/30/2021,16
12/1/2021,18.5
12/2/2021,21
12/3/2021,21.5
12/4/2021,23.5
12/5/2021,24
12/6/2021,28
12/7/2021,35.5
12/8/2021,36.5
12/9/2021,28.5
12/10/2021,22
12/11/2021,22.5
12/12/2021,23.5
12/13/2021,24
12/14/2021,23
12/15/2021,24
12/16/2021,23
12/17/2021,19.5
12/18/2021,23
12/19/2021,27
12/20/2021,29
12/21/2021,32.5
12/22/2021,31
12/23/2021,32
12/24/2021,32.5
12/25/2021,35
12/26/2021,36
12/27/2021,27.5
12/28/2021,24
12/29/2021,19
12/30/2021,19
12/31/2021,20
